fit,route,acronym,title,scheme,start,end,ec_contribution,coordinator,coord_country,coord_city,coord_url,coord_contact_form,n_partners,partner_institutions,tags,cordis_url
16,PI-HELD GRANT - cold outreach to coordinator,BIOBANG,Investigating opportunities for transformative change in biodiversity conservation: from Big Data analytics to Gamification.,HORIZON-ERC,2025-05-01,2030-04-30,1999928,HELSINGIN YLIOPISTO,FI,HELSINGIN YLIOPISTO,http://www.helsinki.fi/university/,https://ec.europa.eu/info/funding-tenders/opportunities/portal/screen/contact-form/project/999994535/101171602,0,,"culturomics,language,media,biodiv,spatial",https://cordis.europa.eu/project/id/101171602
12,"POSTDOC FELLOWSHIP - requires PhD already, not applicable pre-PhD",WILDVALUE,Valuing the Wild: From Stated Preference Methods to Compensating Income Variation,HORIZON-TMA-MSCA-PF-EF,2026-08-01,2028-07-31,"242116,8",HELSINGIN YLIOPISTO,FI,HELSINGIN YLIOPISTO,http://www.helsinki.fi/university/,https://ec.europa.eu/info/funding-tenders/opportunities/portal/screen/contact-form/project/999994535/101202802,0,,"trade,zoonotic,biodiv",https://cordis.europa.eu/project/id/101202802
12,PI-HELD GRANT - cold outreach to coordinator,ZOONOSIS,Zoonotic Anthropology and Multispecies Infrastructures along China's Belt and Road,HORIZON-ERC,2026-09-01,2031-08-31,1499925,UNIVERSITETET I TROMSOE - NORGES ARKTISKE UNIVERSITET,NO,Tromso,http://uit.no/,https://ec.europa.eu/info/funding-tenders/opportunities/portal/screen/contact-form/project/999874643/101220868,0,,"trade,zoonotic,language",https://cordis.europa.eu/project/id/101220868
11,"POSTDOC FELLOWSHIP - requires PhD already, not applicable pre-PhD",CoffeeFutures,Coffee Futures at Risk from Climate Change: game-based group modelling and Hybrid Intelligence analysis for Knowledge Coproduction on Intangible Cultural Heritage of food systems,HORIZON-TMA-MSCA-PF-EF,2026-06-01,2028-05-31,"209483,28",LIBERA UNIVERSITA DI BOLZANO,IT,Bolzano,https://www.unibz.it,https://ec.europa.eu/info/funding-tenders/opportunities/portal/screen/contact-form/project/999853982/101273624,1,EIDGENOESSISCHE TECHNISCHE HOCHSCHULE ZUERICH (CH),"culturomics,language,biodiv",https://cordis.europa.eu/project/id/101273624
11,PI-HELD GRANT - cold outreach to coordinator,SPOON,"Food Systems in transition – ParticipatOry, Open citizen research for sustainable Nutrition",HORIZON-RIA,2024-12-01,2028-11-30,"5022917,5",COLLABORATING CENTRE ON SUSTAINABLE CONSUMPTION AND PRODUCTION GGMBH,DE,WUPPERTAL,,https://ec.europa.eu/info/funding-tenders/opportunities/portal/screen/contact-form/project/999551148/101182299,15,"PNO INNOVATION SL (ES) | EIGEN VERMOGEN VAN HET INSTITUUT VOOR LANDBOUW- EN VISSERIJONDERZOEK (BE) | AIT AUSTRIAN INSTITUTE OF TECHNOLOGY GMBH (AT) | SCIENCE FOR CHANGE, SL (ES) | INCOMMON NON-PROFIT CIVIL LAW COMPANY (EL) | ITC - INOVACIJSKO TEHNOLOSKI GROZD MURSKA SOBOTA (SI) | HOT OR COOL INSTITUTE (DE) | HOCHSCHULE FUR BILDENDE KUNSTE BRAUNSCHWEIG (DE) | FUNDACION DE LA COMUNITAT VALENCIANA PARA LA PROMOCION ESTRATEGICA EL DESARROLLO Y LA INNOVACION URBANA (ES) | JIBE COMPANY BV (NL) | FONDAZIONE ICONS (IT) | COMUNE DI TORINO (IT) | Stadmakers vzw (BE) | RETE DELLE CASE DEL QUARTIERE ETS (IT) | DIMOS THESSALONIKIS (EL)","culturomics,media,biodiv",https://cordis.europa.eu/project/id/101182299
11,PI-HELD GRANT - cold outreach to coordinator,PLANETARY EEL,Planetary Anthropology and Interspecies Nurture: A Political Ontology of Human-Eel Relations.,HORIZON-ERC-SYG,2026-09-01,2032-08-31,11082605,ALMA MATER STUDIORUM - UNIVERSITA DI BOLOGNA,IT,Bologna,http://www.unibo.it,https://ec.europa.eu/info/funding-tenders/opportunities/portal/screen/contact-form/project/999993953/101224851,3,CENTRE NATIONAL DE LA RECHERCHE SCIENTIFIQUE CNRS (FR) | UNIVERSITY OF MELBOURNE (AU) | ZNANSTVENORAZISKOVALNI CENTER SLOVENSKE AKADEMIJE ZNANOSTI IN UMETNOSTI (SI),"trade,language,biodiv",https://cordis.europa.eu/project/id/101224851
10,PI-HELD GRANT - cold outreach to coordinator,BLUE CONNECT,"Strict protection, restoration and co-management of Marine Protected Areas to ensure effective ecosystem conservation and improved connectivity of Blue Corridors",HORIZON-IA,2024-09-01,2028-02-29,8375060,SUBMARINER NETWORK FOR BLUE GROWTH EWIV,DE,BERLIN,,https://ec.europa.eu/info/funding-tenders/opportunities/portal/screen/contact-form/project/917927782/101156759,26,"VLAAMS INSTITUUT VOOR DE ZEE (BE) | INSTITUT ROYAL DES SCIENCES NATURELLES DE BELGIQUE (BE) | CENTYR ZA BREGOVI I MORSKI IZSLEDVANIYA (BG) | SALT RESEARCH AS (NO) | UNIVERSITEIT GENT (BE) | STICHTING DELTARES (NL) | NORSK INSTITUTT FOR VANNFORSKNING STI (NO) | UNIVERSIDAD DE MALAGA (ES) | TARTU ULIKOOL (EE) | WWF ITALIA (IT) | FONDAZIONE WWF MEDITERRANEAN (IT) | ASOCIACION PARA LA DEFENSA DE LA NATURALEZA (ES) | SUBMON (ES) | FUNDACAO GASPAR FRUTUOSO (PT) | UNIVERSIDADE DOS ACORES (PT) | JAN DE NUL NV (BE) | INSTITUTUL NATIONAL DE CERCETARE-DEZVOLTARE MARINA GRIGORE ANTIPA (RO) | THE BALTIC MARINE ENVIRONMENT PROTECTION COMMISSION (FI) | BALGARSKA FONDATSIYA BIORAZNOOBRAZIE (BG) | FUNDACAO MAIO BIODIVERSIDADE (CV) | SERVICE PUBLIC FEDERAL SANTE PUBLIQUE, SECURITE DE LA CHAINE ALIMENTAIRE ET ENVIRONNEMENT (BE) | MINISTERIO PARA LA TRANSICION ECOLOGICA Y EL RETO DEMOGRAFICO (ES) | WWF ADRIA -UDRUGA ZA ZASTITU PRIRODE I OCUVANJE BIOLOSKE RAZNOLIKOSTI (HR) | UNIVERSITY OF THE HIGHLANDS AND ISLANDS (UK) | SOCIEDAD PARA EL DESAROLLO DE LAS COMUNIDADES COSTERAS (ES) | GRUP BALEAR D'ORNITOLOGIA I DEFENSA DE LA NATURALESA (ES)","culturomics,biodiv,spatial",https://cordis.europa.eu/project/id/101156759
10,"POSTDOC FELLOWSHIP - requires PhD already, not applicable pre-PhD",ReAmazon,Restoring the Amazon Forest at Scale: An ethnography of digital technologies in ecological restoration in Brazil,HORIZON-TMA-MSCA-PF-EF,2026-06-01,2028-05-31,"263393,28",IT-UNIVERSITETET I KOBENHAVN,DK,KOBENHAVN,http://www.itu.dk,https://ec.europa.eu/info/funding-tenders/opportunities/portal/screen/contact-form/project/998273464/101278017,0,,"culturomics,biodiv,spatial",https://cordis.europa.eu/project/id/101278017
10,PI-HELD GRANT - cold outreach to coordinator,FORbEST,Safeguarding Carbon and Biodiversity across European Forest Ecosystems through Multi-actor Innovation,HORIZON-RIA,2025-05-01,2029-04-30,"5967518,75",OULUN YLIOPISTO,FI,Oulu,http://www.oulu.fi,https://ec.europa.eu/info/funding-tenders/opportunities/portal/screen/contact-form/project/999844670/101181878,18,ALMA MATER STUDIORUM - UNIVERSITA DI BOLOGNA (IT) | HUN-REN OKOLOGIAI KUTATOKOZPONT (HU) | INTERNATIONALES INSTITUT FUER ANGEWANDTE SYSTEMANALYSE (AT) | CESKA ZEMEDELSKA UNIVERZITA V PRAZE (CZ) | UNIVERSITA DEGLI STUDI DELLA TUSCIA (IT) | The Lifescape Project (UK) | Lumina Sprl (BE) | LUONNONVARAKESKUS (FI) | UNIVERSITA DEGLI STUDI DI MILANO (IT) | STICHTING WILD EUROPE (NL) | JOANNEUM RESEARCH FORSCHUNGSGESELLSCHAFT MBH (AT) | PROPARK-FUNDATIA PENTRU ARII PROTEJATE (RO) | CHIANG MAI UNIVERSITY (TH) | MINISTERO DELLA DIFESA (IT) | PILISI PARKERDO ZARTKORUEN MUKODO RESZVENYTARSASAG (HU) | SPRAVA NARODNIHO PARKU SUMAVA (CZ) | Ocolul Silvic Ingleby (RO) | HUN-REN OKOLOGIAI KUTATOKOZPONT (HU),"culturomics,biodiv,spatial",https://cordis.europa.eu/project/id/101181878
10,PI-HELD GRANT - cold outreach to coordinator,GENeCITY,Generative Agentic AI and Explainable Digital Twins for Climate-Neutral Cities,HORIZON-IA,2026-06-01,2029-11-30,"5999554,04",MAGGIOLI SPA,IT,SANTARCANGELO DI ROMAGNA,,https://ec.europa.eu/info/funding-tenders/opportunities/portal/screen/contact-form/project/996621457/101270173,25,ECOLE POLYTECHNIQUE FEDERALE DE LAUSANNE (CH) | ICLEI EUROPEAN SECRETARIAT GMBH (ICLEI EUROPASEKRETARIAT GMBH) (DE) | INTERNATIONALES INSTITUT FUER ANGEWANDTE SYSTEMANALYSE (AT) | VRIJE UNIVERSITEIT BRUSSEL (BE) | INSTITUT GOLEMI DANNI V POLZA NA INTELIGENTNOTO OBSHTESTVO (BG) | EREVNITIKO PANEPISTIMIAKO INSTITOUTO SYSTIMATON EPIKOINONION KAI YPOLOGISTON (EL) | D.TSAKALIDIS-G.DOMALIS OE (EL) | TYGRON BV (NL) | FWDFASTER AI RESEARCH BV (NL) | PROVINCIE UTRECHT (NL) | GEMEENTE AMERSFOORT (NL) | DIMOS ATHINAION EPICHEIRISI MICHANOGRAFISIS (EL) | AYUNTAMIENTO DE MURCIA (ES) | RIGAS PLANOSANAS REGIONS (LV) | SKELLEFTEA KOMMUN (SE) | PLEIADES SYNERGATIKOS SCHIMATISMOS TECHNOLOGIAS KAI KAINOTOMIAS ASTIKI MI KERDOSKOPIKI ETAIREIA (EL) | STOLICHNA OBSHTINA (BG) | GEMEENTE NIEUWEGEIN (NL) | GEMEENTE EINDHOVEN (NL) | STAD OOSTENDE (BE) | Sigulda County Digital Center (LV) | JURMALAS VALSTSPILSETAS ADMINISTRACIJA (LV) | DIMOS KALAMATAS (EL) | DIMOS PALAIO FALIRO (EL) | MUNICIPALITY OF SOUTHERN KYNOURIA (EL),"culturomics,language,spatial",https://cordis.europa.eu/project/id/101270173
10,PI-HELD GRANT - cold outreach to coordinator,NextBON,Next Generation Biodiversity Observation Network,HORIZON-RIA,2026-10-01,2030-09-30,10999230,KOBENHAVNS UNIVERSITET,DK,KOBENHAVN,http://www.ku.dk,https://ec.europa.eu/info/funding-tenders/opportunities/portal/screen/contact-form/project/999991043/101287608,21,UNIVERSITAET FUER BODENKULTUR WIEN (AT) | WAGENINGEN UNIVERSITY (NL) | AGENCIA ESTATAL CONSEJO SUPERIOR DE INVESTIGACIONES CIENTIFICAS (ES) | INSTITUTUL NATIONAL DE CERCETARE-DEZVOLTARE DELTA DUNARII (RO) | UNIVERSITAT ZURICH (CH) | ERINN INNOVATION LIMITED (IE) | LUONNONVARAKESKUS (FI) | NIBIO - NORSK INSTITUTT FOR BIOOKONOMI (NO) | Aggestam Filip (FR) | GLOBAL BIODIVERSITY INFORMATION FACILITY (DK) | UNIVERSIDAD POLITECNICA DE MADRID (ES) | PROSPEX INSTITUTE (BE) | SVERIGES LANTBRUKSUNIVERSITET (SE) | TAXUS IT SPOLKA Z OGRANICZONA ODPOWIEDZIALNOSCIA (PL) | PANEPISTIMIO AIGAIOU (EL) | UNIVERSITA DEGLI STUDI DI FIRENZE (IT) | UNIVERSIDAD DE MALAGA (ES) | UNIVERSITA DEGLI STUDI DI ROMA LA SAPIENZA (IT) | STICHTING WAGENINGEN RESEARCH (NL) | INSTITUTUL NATIONAL DE CERCETARE-DEZVOLTARE MARINA GRIGORE ANTIPA (RO) | HUN-REN Balatoni Limnologiai Kutatointezet (HU),"culturomics,biodiv,spatial",https://cordis.europa.eu/project/id/101287608
9,PI-HELD GRANT - cold outreach to coordinator,ArcSolution,Arctic Pollution in a One Health perspective - from complex challenges to sustainable solutions,HORIZON-RIA,2024-08-01,2028-07-31,"6598877,5",NORD UNIVERSITET,NO,BODO,https://www.nord.no/,https://ec.europa.eu/info/funding-tenders/opportunities/portal/screen/contact-form/project/998222927/101135051,14,"OULUN YLIOPISTO (FI) | AARHUS UNIVERSITET (DK) | NORGES MILJO-OG BIOVITENSKAPELIGE UNIVERSITET (NO) | ARCTIC KNOWLEDGE AS (NO) | Ilisimatusarfik (GL) | ALFRED-WEGENER-INSTITUT HELMHOLTZ-ZENTRUM FUR POLAR- UND MEERESFORSCHUNG (DE) | O.A.SYS - OCEAN ATMOSPHERE SYSTEMS GMBH (DE) | NORDLANDSFORSKNING AS (NO) | UNIVERSITETET I TROMSOE - NORGES ARKTISKE UNIVERSITET (NO) | Arctic Monitoring and Assessment Programme Secretariat (NO) | EIDGENOESSISCHES DEPARTEMENT FUER WIRTSCHAFT, BILDUNG UND FORSCHUNG (CH) | Peking University People's Hospital (CN) | MEMORIAL UNIVERSITY OF NEWFOUNDLAND (CA) | SJUKRAHUSVERKID (FO)","zoonotic,culturomics",https://cordis.europa.eu/project/id/101135051
9,"POSTDOC FELLOWSHIP - requires PhD already, not applicable pre-PhD",SOS2030,Towards the 2030 conservation targets in Europe: An assessment of Management Gaps and Opportunities in Marine Protected Areas,HORIZON-TMA-MSCA-PF-EF,2026-04-01,2028-09-30,"262393,2",UNIVERSIDAD DE SANTIAGO DE COMPOSTELA,ES,SANTIAGO DE COMPOSTELA,http://www.usc.es,https://ec.europa.eu/info/funding-tenders/opportunities/portal/screen/contact-form/project/999829635/101207173,1,WWF ITALIA (IT),"language,media,biodiv",https://cordis.europa.eu/project/id/101207173
8,PI-HELD GRANT - cold outreach to coordinator,LandSeaLot,Land-Sea interface: Let’s observe together!,HORIZON-RIA,2024-02-01,2028-01-31,"8437021,25",STICHTING DELTARES,NL,Delft,http://www.deltares.nl,https://ec.europa.eu/info/funding-tenders/opportunities/portal/screen/contact-form/project/999520302/101134575,22,HELMHOLTZ-ZENTRUM HEREON GMBH (DE) | INSTITUT FRANCAIS DE RECHERCHE POUR L'EXPLOITATION DE LA MER (FR) | INSTITUTUL NATIONAL DE CERCETARE DEZVOLTARE PENTRU GEOLOGIE SI GEOECOLOGIE MARINA - GEOECOMAR (RO) | COVARTEC AS (NO) | MARIENE INFORMATIE SERVICE MARIS BV (NL) | SVERIGES METEOROLOGISKA OCH HYDROLOGISKA INSTITUT (SE) | CONSIGLIO NAZIONALE DELLE RICERCHE (IT) | HELLENIC CENTRE FOR MARINE RESEARCH (EL) | NORCE RESEARCH AS (NO) | UNIVERSITE DE LIEGE (BE) | TRANSEUROPE MARINAS (FR) | +ATLANTIC ASSOCIACAO PARA UM LABORATORIO COLABORATIVO DO ATLANTICO (PT) | SEASCAPE BELGIUM (BE) | ETT SPA (IT) | BROCKMANN CONSULT GMBH (DE) | SUOMEN YMPARISTOKESKUS (FI) | NANTES UNIVERSITE (FR) | UNIVERSITE DU LITTORAL (FR) | CENTRE NATIONAL DE LA RECHERCHE SCIENTIFIQUE CNRS (FR) | SORBONNE UNIVERSITE (FR) | THE UNIVERSITY OF STIRLING (UK) | PLYMOUTH MARINE LABORATORY LIMITED (UK),"culturomics,biodiv",https://cordis.europa.eu/project/id/101134575
8,PI-HELD GRANT - cold outreach to coordinator,ProCleanLakes,Integrated emerging approaches for joint protection and restoration of Natural Lakes in the spirit of European life heritage support (ProCleanLakes),HORIZON-IA,2024-06-01,2028-05-31,3968226,UNIVERSITAET FUER BODENKULTUR WIEN,AT,Wien,http://www.boku.ac.at,https://ec.europa.eu/info/funding-tenders/opportunities/portal/screen/contact-form/project/999987357/101157886,17,FACULTY OF SCIENCE UNIVERSITY OF ZAGREB (HR) | BIOLOGICKE CENTRUM AV CR VVI (CZ) | GEOPONIKO PANEPISTIMION ATHINON (EL) | ETHNIKO KAI KAPODISTRIAKO PANEPISTIMIO ATHINON (EL) | UNIVERSITA CA' FOSCARI  VENEZIA (IT) | UNIVERSITATEA DUNAREA DE JOS DIN GALATI (RO) | UNIVERSITETET I TROMSOE - NORGES ARKTISKE UNIVERSITET (NO) | INSTITUTUL NATIONAL DE CERCETARE-DEZVOLTARE DELTA DUNARII (RO) | ALTFACTOR SRL (RO) | FUNDACIO INSTITUT CATALA DE RECERCA DE L'AIGUA (ES) | PARIS SCHOOL OF BUSINESS (FR) | ALCHEMIA-NOVA RESEARCH & INNOVATION GEMEINNUTZIGE GMBH (AT) | HELLENIC SOCIETY FOR THE PROTECTION OF NATURE (EL) | KWB KOMPETENZZENTRUM WASSER BERLIN GEMEINNUTZIGE GMBH (DE) | JAVNA USTANOVA PARK PRIRODE VRANSKO JEZERO (HR) | CINTECH SOLUTIONS LTD (CY) | STATSKOG SF (NO),"culturomics,biodiv",https://cordis.europa.eu/project/id/101157886
8,"POSTDOC FELLOWSHIP - requires PhD already, not applicable pre-PhD",SEROTONIN,A Sight for sore Eyes: BRidging PeOple and PollinaTors ThrOugh PolliNator monItoriNg,HORIZON-TMA-MSCA-PF-EF,2026-06-01,2028-05-31,"198557,52",UNIVERZA V LJUBLJANI,SI,Ljubljana,http://www.uni-lj.si,https://ec.europa.eu/info/funding-tenders/opportunities/portal/screen/contact-form/project/999923240/101277689,0,,"culturomics,biodiv",https://cordis.europa.eu/project/id/101277689
8,PI-HELD GRANT - cold outreach to coordinator,NAIVE,Neotropical AI-assisted VErtebrate identification through ZooMS,HORIZON-ERC-POC,2026-12-01,2028-05-31,150000,UNIVERSITAT AUTONOMA DE BARCELONA,ES,Cerdanyola Del Valles,http://www.uab.es,https://ec.europa.eu/info/funding-tenders/opportunities/portal/screen/contact-form/project/999986484/101334879,1,VERTICAL IMAGINAE SOLUTIONS S.L. (ES),"trade,biodiv",https://cordis.europa.eu/project/id/101334879
8,PI-HELD GRANT - cold outreach to coordinator,TRACES,Tracking Long-Term Resilience in Arctic Sociocultural-Ecological Systems,HORIZON-ERC,2024-01-01,2028-12-31,"1499952,5",RIJKSUNIVERSITEIT GRONINGEN,NL,Groningen,http://www.rug.nl,https://ec.europa.eu/info/funding-tenders/opportunities/portal/screen/contact-form/project/999989782/101116504,0,,"culturomics,biodiv",https://cordis.europa.eu/project/id/101116504
8,PI-HELD GRANT - cold outreach to coordinator,ANTHROFUTURE,The anthropology of the future: An art world perspective,HORIZON-ERC,2024-01-01,2028-12-31,2499911,UNIVERSITAT WIEN,AT,WIEN,http://www.univie.ac.at,https://ec.europa.eu/info/funding-tenders/opportunities/portal/screen/contact-form/project/999866883/101097302,2,THE UNIVERSITY OF MARYLAND FOUNDATIION INC (US) | University System of Maryland (US),"culturomics,language",https://cordis.europa.eu/project/id/101097302
8,"POSTDOC FELLOWSHIP - requires PhD already, not applicable pre-PhD",CoNFine,Conservation of built heritage: Natural Formulations agaINst bio-dEterioration,HORIZON-TMA-MSCA-PF-GF,2026-01-01,2028-12-31,"256753,2",AGENCIA ESTATAL CONSEJO SUPERIOR DE INVESTIGACIONES CIENTIFICAS,ES,MADRID,http://www.csic.es,https://ec.europa.eu/info/funding-tenders/opportunities/portal/screen/contact-form/project/999991722/101209275,2,UNIVERSIDAD AUTONOMA DE CAMPECHE (MX) | UNIVERSIDAD JUAREZ AUTONOMA DE TABASCO (MX),"culturomics,biodiv",https://cordis.europa.eu/project/id/101209275
8,PI-HELD GRANT - cold outreach to coordinator,FOUNDATIONS,A Foundation for Empirical Multimodality Research,HORIZON-ERC,2024-05-01,2029-04-30,1999974,HELSINGIN YLIOPISTO,FI,HELSINGIN YLIOPISTO,http://www.helsinki.fi/university/,https://ec.europa.eu/info/funding-tenders/opportunities/portal/screen/contact-form/project/999994535/101122047,0,,"culturomics,language",https://cordis.europa.eu/project/id/101122047
8,PI-HELD GRANT - cold outreach to coordinator,INFINITY,Multidimensional knowledge-based annotation for ethical context-aware heritage data life cycles,HORIZON-IA,2026-01-01,2029-06-30,"5971161,21",ALMA MATER STUDIORUM - UNIVERSITA DI BOLOGNA,IT,Bologna,http://www.unibo.it,https://ec.europa.eu/info/funding-tenders/opportunities/portal/screen/contact-form/project/999993953/101233051,16,"CONSIGLIO NAZIONALE DELLE RICERCHE (IT) | STORYPACT GMBH (AT) | FRIEDRICH-SCHILLER-UNIVERSITÄT JENA (DE) | STICHTING EUROPEANA (NL) | STICHTING NEDERLANDS INSTITUUT VOORBEELD EN GELUID (NL) | TIME MACHINE ORGANISATION (TMO)- ORGANISATION FUR INTERNATIONALE ZUSAMMENARBEIT IN TECHNOLOGIE UND WISSENSCHAFT UND KULTURELLEM ERBE (AT) | INSTYTUT CHEMII BIOORGANICZNEJ POLSKIEJ AKADEMII NAUK (PL) | DIGITAL PATHS SRL (IT) | FACTS & FILES - HISTORISCHES FORSCHUNGSINSTITUT BERLIN DRAUSCHKE - SCHREIBER PARTNERSCHAFTSGESELLSCHAFT -ARCHIV-, GESCHICHTS- U. LITERATURWISSENSCHAFTLER (DE) | FACTS & FILES DIGITAL SERVICES GMBH (DE) | MINISTERO DELLA CULTURA (IT) | THE UNIVERSITY OF EDINBURGH (UK) | UNIWERSYTET WROCLAWSKI (PL) | EIT CULTURE AND CREATIVITY SOUTH WEST SL (ES) | ECOLE POLYTECHNIQUE FEDERALE DE LAUSANNE (CH) | AIT AUSTRIAN INSTITUTE OF TECHNOLOGY GMBH (AT)","culturomics,language",https://cordis.europa.eu/project/id/101233051
8,"POSTDOC FELLOWSHIP - requires PhD already, not applicable pre-PhD",INFloR,Invasive and Native Flowering phenology Responses to climate change in Mediterranean-type ecosystems,HORIZON-TMA-MSCA-PF-GF,2026-07-01,2029-06-30,"420966,72",UNIVERSIDAD DE SEVILLA,ES,Sevilla,http://www.us.es,https://ec.europa.eu/info/funding-tenders/opportunities/portal/screen/contact-form/project/999862518/101275571,2,"THE REGENTS OF THE UNIVERSITY OF CALIFORNIA (US) | Georgia Southern University Research & Service Foundation, Inc. (US)","culturomics,biodiv",https://cordis.europa.eu/project/id/101275571
8,PI-HELD GRANT - cold outreach to coordinator,INNATURE,ENHANCING BIODIVERSITY AND SOCIAL INCLUSION BY TRANSFORMING EUROPE’S LIVING ENVIRONMENTS,HORIZON-IA,2025-09-01,2029-08-31,"4999758,75",TAMPEREEN KORKEAKOULUSAATIO SR,FI,TAMPERE,http://www.tuni.fi,https://ec.europa.eu/info/funding-tenders/opportunities/portal/screen/contact-form/project/902999288/101181560,20,TAMPEREEN KAUPUNKI (FI) | VILLI VYOHYKE RY (FI) | Finnora Oy (FI) | UNIVERSITEIT ANTWERPEN (BE) | UNIVERSITEIT UTRECHT (NL) | KLIMAATPLATFORM ANTWERPEN (BE) | NATUURPUNT STUDIE - VERENIGING VOOR NATUURSTUDIE IN VLAANDEREN (BE) | COMMONS LAB VZW (BE) | OTTO WILLY (BE) | TERRRA BREZOI (RO) | Oras Brezoi (RO) | ATELIER D ARCHITECTURE AUTOGEREE (FR) | KOBENHAVNS UNIVERSITET (DK) | TIL VAEGS (DK) | AKK - ALMENE KUNSTKLUBBER (DK) | THE UNIVERSITY OF SHEFFIELD (UK) | SHEFFIELD HALLAM UNIVERSITY (UK) | REGATHER LIMITED (UK) | STAD ANTWERPEN (BE) | KOBENHAVNS KOMMUNE (DK),"culturomics,biodiv",https://cordis.europa.eu/project/id/101181560
8,"POSTDOC FELLOWSHIP - requires PhD already, not applicable pre-PhD",TIDES,Traditional & Indigenous Knowledge for Decolonizing Environmental Stewardship,HORIZON-TMA-MSCA-PF-EF,2027-09-01,2029-08-31,"209914,56",UNIVERSIDAD DE SANTIAGO DE COMPOSTELA,ES,SANTIAGO DE COMPOSTELA,http://www.usc.es,https://ec.europa.eu/info/funding-tenders/opportunities/portal/screen/contact-form/project/999829635/101283715,1,LEIBNIZ-ZENTRUM FUR MARINE TROPENFORSCHUNG (ZMT) GMBH (DE),"language,biodiv,spatial",https://cordis.europa.eu/project/id/101283715
8,PI-HELD GRANT - cold outreach to coordinator,THRIVE,Towards a Harmonised landscape that expands the Role of citizen science in biodIVersity & Ecosystem services monitoring,HORIZON-CSA,2026-09-01,2029-08-31,"3999999,98",ZENTRUM FUR SOZIALE INNOVATION GMBH,AT,Wien,http://www.zsi.at,https://ec.europa.eu/info/funding-tenders/opportunities/portal/screen/contact-form/project/940719872/101289005,15,VEREIN DER EUROPAISCHEN BURGEWISSENSCHAFTEN - ECSA EV (DE) | FONDAZIONE CENTRO EURO-MEDITERRANEOSUI CAMBIAMENTI CLIMATICI (IT) | FUNDACION IBERCIVIS (ES) | INTERNATIONALES INSTITUT FUER ANGEWANDTE SYSTEMANALYSE (AT) | MUSEUM FUR NATURKUNDE - LEIBNIZ-INSTITUT FUR EVOLUTIONS- UND BIODIVERSITATSFORSCHUNG AN DER HUMBOLDT-UNIVERSITAT ZU BERLIN (DE) | MUSEUM NATIONAL D'HISTOIRE NATURELLE (FR) | KOBENHAVNS UNIVERSITET (DK) | NORDISK FOND FOR MILJØ OG UDVIKLING (DK) | NUCLIO NUCLEO INTERACTIVO DE ASTRONOMIA ASSOCIACAO (PT) | STICKYDOT SRL (BE) | CONSORTIUM OF EUROPEAN TAXONOMIC FACILITIES (BE) | CITIZEN SCIENCE GLOBAL PARTNERSHIP (CSGP) - GLOBALE PARTNERSCHAFT FUER BUERGERWISSENSCHAFTEN (GPBW) (AT) | Stichting Observation International (NL) | GLOBAL BIODIVERSITY INFORMATION FACILITY (DK) | THE UNIVERSITY OF HERTFORDSHIRE HIGHER EDUCATION CORPORATION (UK),"culturomics,biodiv",https://cordis.europa.eu/project/id/101289005
8,PI-HELD GRANT - cold outreach to coordinator,BUILDERS,Building Resilience Through Citizen Science-Driven Approaches to Invasive Species,HORIZON-TMA-MSCA-SE,2025-11-01,2029-10-31,716430,UNIVERSITA DEGLI STUDI DI PARMA,IT,PARMA,http://www.unipr.it,https://ec.europa.eu/info/funding-tenders/opportunities/portal/screen/contact-form/project/999846028/101235455,10,UNIVERSITAT WIEN (AT) | UNIVERSIDADE DE EVORA (PT) | UNIVERSITA DEGLI STUDI DI FIRENZE (IT) | UNIVERSITATEA DIN ORADEA (RO) | KINDERBURO UNIVERSITAT WIEN GMBH (AT) | Opcina Vrsar (HR) | SPOTTERON GMBH (AT) | UNIVERSIDADE ESTADUAL DE MARINGA (BR) | JRC -JOINT RESEARCH CENTRE- EUROPEAN COMMISSION (BE) | NEMO Nature and Environment Management Operators S.r.l (IT),"culturomics,biodiv",https://cordis.europa.eu/project/id/101235455
8,PI-HELD GRANT - cold outreach to coordinator,SEA4FUTURE,Sustainable and  Ecosystem-based Approach for Fisheries through the Utilization of Technology to Uphold Resilient Environments,HORIZON-IA,2026-01-01,2029-12-31,"7999200,26",UNIVERSIDAD DE ALICANTE,ES,Alicante,http://www.ua.es,https://ec.europa.eu/info/funding-tenders/opportunities/portal/screen/contact-form/project/999895886/101212647,21,"CONSIGLIO NAZIONALE DELLE RICERCHE (IT) | UNIVERSITAT POLITECNICA DE CATALUNYA (ES) | TURKIYE BILIMSEL VE TEKNOLOJIK ARASTIRMA KURUMU (TR) | UNIVERSIDAD DE SANTIAGO DE COMPOSTELA (ES) | HELLENIC CENTRE FOR MARINE RESEARCH (EL) | MINDS TECHNOLOGIES KAI EPISTIMES PERIVALLONTOS I.K.E. (EL) | UNIVERSITAT DE GIRONA (ES) | LIVERPOOL JOHN MOORES UNIVERSITY (UK) | STAZIONE ZOOLOGICA ANTON DOHRN (IT) | KRITI (EL) | STICHTING EUROCEAN (NL) | ARDITI - AGENCIA REGIONAL PARA O DESENVOLVIMENTO DA INVESTIGACAO, TECNOLOGIA E INOVACAO - ASSOCIACAO (PT) | SUBMON (ES) | SCITATION - SCIENCE COMMUNICATION,UNIPESSOAL LDA (PT) | ETHIC OCEAN (FR) | ALTUM INGENIERIA Y SERVICIOS SL (ES) | FISHTEK MARINE (UK) | SOCIETE COOPERATIVE MARITIME DES PECHEURS DE SETE MOLE (FR) | ECOLOGIC INSTITUT GEMEINNUTZIGE GMBH (DE) | AGENCIA ESTATAL CONSEJO SUPERIOR DE INVESTIGACIONES CIENTIFICAS (ES) | ISTANBUL UNIVERSITESI (TR)","culturomics,biodiv",https://cordis.europa.eu/project/id/101212647
8,PI-HELD GRANT - cold outreach to coordinator,REMEDYOS,CLIMATE-RESILIENT INTEGRATED BIO- AND NATURE-BASED REMEDIATION OF PFAS-POLLUTED SITES,HORIZON-RIA,2026-06-01,2030-05-31,"3997392,65","IRIS TECHNOLOGY SOLUTIONS, SOCIEDAD LIMITADA",ES,CORNELLA DE LLOBREGAT,http://www.iris.cat,https://ec.europa.eu/info/funding-tenders/opportunities/portal/screen/contact-form/project/998993786/101262484,11,BIOPTERRE CENTRE DE DEVELOPPEMENT DES BIOPRODUITS (CA) | UNIVERSIDAD DE ALMERIA (ES) | UNIVERSIDAD DE BURGOS (ES) | SVERIGES LANTBRUKSUNIVERSITET (SE) | IDENER RESEARCH & DEVELOPMENT AIE (ES) | NOVOBIOM (BE) | VEOLIA NV-SA (BE) | VEOLIA SERVICIOS LECAM SA (ES) | RAMBOLL DANMARK AS (DK) | VEREIN DER EUROPAISCHEN BURGEWISSENSCHAFTEN - ECSA EV (DE) | INOSENS DOO NOVI SAD (RS),"culturomics,biodiv",https://cordis.europa.eu/project/id/101262484
8,PI-HELD GRANT - cold outreach to coordinator,NUTRIMIND,Improving Mental Health and Nutrition in Europe,HORIZON-RIA,2026-06-01,2030-05-31,"5372351,16",EUROPEAN FOOD INFORMATION COUNCIL,BE,BRUXELLES,http://www.eufic.org,https://ec.europa.eu/info/funding-tenders/opportunities/portal/screen/contact-form/project/999954474/101287404,15,"CAPACITY DEVELOPMENT IN NUTRITION CAPNUTRA (RS) | EUROPEAN FOOD INFORMATION RESSOURCE AISBL (BE) | WAGENINGEN UNIVERSITY (NL) | QUADRAM INSTITUTE BIOSCIENCE (UK) | UNIVERSITY OF SURREY (UK) | INSTITUT JOZEF STEFAN (SI) | UNIVERSITY COLLEGE CORK -  NATIONAL UNIVERSITY OF IRELAND, CORK (IE) | SWISS NUTRITION AND HEALTH FOUNDATION (CH) | CONSORCIO CENTRO DE INVESTIGACION BIOMEDICA EN RED M.P. (ES) | FUNDACIO INSTITUT D'INVESTIGACIO SANITARIA PERE VIRGILI (IISPV) (ES) | UNIVERSITEIT GENT (BE) | UNIVERSITA CATTOLICA DEL SACRO CUORE (IT) | INTERNATIONALES INSTITUT FUER ANGEWANDTE SYSTEMANALYSE (AT) | SCIENSANO (BE) | EUROPROJECT OOD (BG)","culturomics,media",https://cordis.europa.eu/project/id/101287404
8,PI-HELD GRANT - cold outreach to coordinator,ROUTES,Reimagining Open schoolyards and Urban sTreets as Equitable Spaces,HORIZON-RIA,2026-09-01,2030-08-31,"3499376,41",TECHNISCHE UNIVERSITEIT DELFT,NL,Delft,http://www.tudelft.nl,https://ec.europa.eu/info/funding-tenders/opportunities/portal/screen/contact-form/project/999977366/101308841,15,"TECHNISCHE UNIVERSITAET MUENCHEN (DE) | ECOLE NATIONALE DES TRAVAUX PUBLICS DE L'ETAT (FR) | AALTO KORKEAKOULUSAATIO SR (FI) | UNIVERSITETI POLITEKNIK I TIRANES (AL) | HUMANKIND BV (NL) | FRANSEN KOOS DRIES (BE) | IVN, INSTITUUT VOOR NATUUREDUCATIEEN DUURZAAMHEID (NL) | STICHTING BYCS GLOBAL FOUNDATION (NL) | FONDAZIONE TRANSFORM TRANSPORT ETS (IT) | AGJENCIA KOMBËTARE E PLANIFIKIMIT TË TERRITORIT (AL) | METROPOLITNY INSTITUT BRATISLAVY (SK) | GEMEENTE ROTTERDAM (NL) | ESPOON KAUPUNKI (FI) | REAR WINDOW (BE) | QENDRA MARREDHENIE (AL)","culturomics,media",https://cordis.europa.eu/project/id/101308841
8,PI-HELD GRANT - cold outreach to coordinator,SOILCHAINS,Global SOIL impacts of the bio-based value CHAINS from EU demand,HORIZON-RIA,2026-10-01,2030-09-30,"5999906,25",EUROPEAN FOREST INSTITUTE,FI,JOENSUU,http://www.efi.int,https://ec.europa.eu/info/funding-tenders/opportunities/portal/screen/contact-form/project/999528547/101296958,14,"LUONNONVARAKESKUS (FI) | SENCKENBERG GESELLSCHAFT FUR NATURFORSCHUNG (DE) | FRAUNHOFER GESELLSCHAFT ZUR FORDERUNG DER ANGEWANDTEN FORSCHUNG EV (DE) | UNIVERSITY OF STUTTGART (DE) | PENSOFT PUBLISHERS (BG) | FORUM FOR AGRICULTURAL RESEARCH IN AFRICA, GHANA (GH) | HAWASSA UNIVERSITY (ET) | CENTRO INTERNACIONAL DE AGRICULTURATROPICAL, CIAT (CO) | PREFERRED BY NATURE S.A.C. (PE) | Preferred by Nature Ghana LBG (GH) | PREFERRED BY NATURE SPAIN SL (ES) | NEPCON COTE D IVOIRE (CI) | PREFERRED BY NATURE FMBA (DK) | Instituto Federal de Educação, Ciência e Tecnologia Goiano (BR)","trade,biodiv",https://cordis.europa.eu/project/id/101296958
8,PI-HELD GRANT - cold outreach to coordinator,NATURETIME,Understanding how nature reshapes human sense of time to foster well-being and sustainable futures,HORIZON-ERC,2026-06-01,2031-05-31,1983773,TURUN YLIOPISTO,FI,Turku,http://www.utu.fi,https://ec.europa.eu/info/funding-tenders/opportunities/portal/screen/contact-form/project/999903064/101230145,0,,"culturomics,media",https://cordis.europa.eu/project/id/101230145
8,PI-HELD GRANT - cold outreach to coordinator,QEAST,Archiving and Curating the Margins: Queer Memory Activism and Infrastructures in Southeastern and Eastern Europe,HORIZON-ERC,2026-07-01,2031-06-30,1499500,UNIVERZA V LJUBLJANI,SI,Ljubljana,http://www.uni-lj.si,https://ec.europa.eu/info/funding-tenders/opportunities/portal/screen/contact-form/project/999923240/101222199,0,,"culturomics,language",https://cordis.europa.eu/project/id/101222199
8,PI-HELD GRANT - cold outreach to coordinator,PRECISION ImmunoRad,Personalized molecular reprogramming of the tumor immune microenvironment and engineered adoptive cell transfer in synergy with ion-beam radiotherapy for next-generation curative cancer treatments,HORIZON-ERC-SYG,2026-06-01,2032-05-31,13999999,UNIVERSITATSKLINIKUM HEIDELBERG,DE,HEIDELBERG,http://www.klinikum.uni-heidelberg.de,https://ec.europa.eu/info/funding-tenders/opportunities/portal/screen/contact-form/project/999841081/101225200,3,THE TRUSTEES OF THE UNIVERSITY OF PENNSYLVANIA CORP (US) | CYPRUS CANCER RESEARCH INSTITUTE (CY) | DEUTSCHES KREBSFORSCHUNGSZENTRUM HEIDELBERG (DE),"trade,language",https://cordis.europa.eu/project/id/101225200
7,PI-HELD GRANT - cold outreach to coordinator,PlantHealth4ALL,Engaging Society on Plant Health for a Sustainable Future,HORIZON-CSA,2026-05-01,2028-04-30,"349937,5",BENAKI PHYTOPATHOLOGICAL INSTITUTE,EL,ATHINA,https://www.bpi.gr,https://ec.europa.eu/info/funding-tenders/opportunities/portal/screen/contact-form/project/998193633/101305496,3,CONSIGLIO PER LA RICERCA IN AGRICOLTURA E L'ANALISI DELL'ECONOMIA AGRARIA (IT) | INSTITUTO VALENCIANO DE INVESTIGACIONES AGRARIAS (ES) | CENTRO INTERNAZIONALE DI ALTISTUDI AGRONOMICI MEDITERRANEI (IT),"zoonotic,biodiv",https://cordis.europa.eu/project/id/101305496
7,PI-HELD GRANT - cold outreach to coordinator,Interspecific,"Biodiversity, Local Knowledge and Zoonoses in Austronesia: Ethnography of Bats and Related Interspecific Communities",HORIZON-ERC,2023-09-01,2028-08-31,2495644,UNIVERSITE CATHOLIQUE DE LOUVAIN,BE,LOUVAIN LA NEUVE,http://www.uclouvain.be,https://ec.europa.eu/info/funding-tenders/opportunities/portal/screen/contact-form/project/999980664/101094311,0,,"zoonotic,biodiv",https://cordis.europa.eu/project/id/101094311
7,"POSTDOC FELLOWSHIP - requires PhD already, not applicable pre-PhD",UrbanLightOwl,The impact of artificial light at night on an owl-malaria-vector system.,HORIZON-TMA-MSCA-PF-EF,2026-11-01,2028-10-31,"260347,92",UNIVERSITY OF GLASGOW,UK,Glasgow,http://www.gla.ac.uk/researchinstitutes/iii/staff/iainmcinnes/,https://ec.europa.eu/info/funding-tenders/opportunities/portal/screen/contact-form/project/999974165/101265076,0,,"zoonotic,biodiv",https://cordis.europa.eu/project/id/101265076
7,PI-HELD GRANT - cold outreach to coordinator,VetValues,Farm animal value-scapes: veterinarians and the contrasting values of European livestock production,HORIZON-ERC,2024-01-01,2028-12-31,1499884,UNIVERSITEIT VAN AMSTERDAM,NL,Amsterdam,https://worldsoflithium.eu/,https://ec.europa.eu/info/funding-tenders/opportunities/portal/screen/contact-form/project/999985708/101115677,0,,"zoonotic,biodiv",https://cordis.europa.eu/project/id/101115677
7,PI-HELD GRANT - cold outreach to coordinator,FRUITDIV,Exploiting the Untapped potential of Fruit tree Wild DIVersity for Sustainable Agriculture,HORIZON-RIA,2024-01-01,2028-12-31,"5998693,75","INSTITUT NATIONAL DE RECHERCHE POUR L'AGRICULTURE, L'ALIMENTATION ET L'ENVIRONNEMENT",FR,PARIS CEDEX 07,http://www.inra.fr,https://ec.europa.eu/info/funding-tenders/opportunities/portal/screen/contact-form/project/999993274/101133964,27,UNIVERSITE DE BORDEAUX (FR) | ARCADIA INTERNATIONAL GEIE (BE) | ARCHE NOAH GESELLSCHAFT FUR DIE ERHALTUNG DER KULTURPFLANZENVIELFALT UND IHRE ENTWICKLUNG VEREIN (AT) | ARISTOTELIO PANEPISTIMIO THESSALONIKIS (EL) | BALKANSKA FONDACIJA ZA ODRZLIV RAZVOJ (MK) | CENTRE DE RECERCA EN AGRIGENOMICA CSIC-IRTA-UAB-UB (ES) | CENTRE NATIONAL DE LA RECHERCHE SCIENTIFIQUE CNRS (FR) | CENTRE WALLON DE RECHERCHES AGRONOMIQUES (BE) | CENTRO DE INVESTIGACION Y TECNOLOGIA AGROALIMENTARIA DE ARAGON (ES) | CEP INNOVATION SARL (FR) | ELLINIKOS GEORGIKOS ORGANISMOS - DIMITRA (EL) | FEDERAZIONE ITALIANA PARCHI E RISERVE NATURALI (IT) | FONDAZIONE EDMUND MACH (IT) | GOZDARSKI INSTITUT SLOVENIJE (SI) | GROUPE DE RECHERCHE EN AGRICULTUREBIOLOGIQUE ASSOCIATION (FR) | INRAE TRANSFERT SAS (FR) | INSTITUT ZA NIZIJSKO SUMARSTVO I ZIVOTNU SREDINU (RS) | INSTITUTE OF BOTANY AFTER A. TAKHTAJYAN OF NATIONAL ACADEMY OF SCIENCES OF REPUBLIC OF ARMENIA (AM) | INSTITUTUL DE CERCETARI BIOLOGICE CLUJ FILIALA A INCDSB BUCURESTI (RO) | JULIUS KUHN-INSTITUT BUNDESFORSCHUNGSINSTITUT FUR KULTURPFLANZEN (DE) | NACIONALNI INSTITUT ZA BIOLOGIJO (SI) | SOCIEDAD ESPANOLA DE AGRICULTURA ECOLOGICA (ES) | UNIVERSITA DEGLI STUDI DELLA BASILICATA (IT) | UNIVERZITET U SARAJEVU (BA) | UPPSALA UNIVERSITET (SE) | ZAVOD ZA GOZDOVE SLOVENIJE (SI) | ZVEZA KMETIC SLOVENIJE (SI),"zoonotic,biodiv",https://cordis.europa.eu/project/id/101133964
7,"POSTDOC FELLOWSHIP - requires PhD already, not applicable pre-PhD",MorPreDiv,Beyond the blood: Diversity and Mortality Impact of Haemosporidian Parasites in European Birds.,HORIZON-TMA-MSCA-PF-EF,2027-01-01,2028-12-31,"260347,92",UNIVERSITY OF KEELE ROYAL CHARTER,UK,KEELE,http://www.keele.ac.uk,https://ec.europa.eu/info/funding-tenders/opportunities/portal/screen/contact-form/project/999862324/101278644,0,,"zoonotic,biodiv",https://cordis.europa.eu/project/id/101278644
7,PI-HELD GRANT - cold outreach to coordinator,REALM,Research on Extended And Layered Multimodalities,HORIZON-RIA,2026-06-01,2029-05-31,6199717,UNIVERSIDAD POMPEU FABRA,ES,Barcelona,http://www.upf.edu,https://ec.europa.eu/info/funding-tenders/opportunities/portal/screen/contact-form/project/999867077/101298050,10,Cooke Optics Limited (UK) | KATHOLIEKE UNIVERSITEIT LEUVEN (BE) | BRAINSTORM MULTIMEDIA SL (ES) | PANEPISTIMIO PATRON (EL) | EVS BROADCAST EQUIPMENT SA (BE) | EVS BROADCAST EQUIPMENT - PORTUGAL LDA (PT) | FACHHOCHSCHULE ZENTRALSCHWEIZ - HOCHSCHULE LUZERN (CH) | FILMLIGHT GMBH (DE) | PROFESSIONAL MEDIA TECHNOLOGIES SL (ES) | CREATIVE WORKERS-CREATIEVE WERKERS VZW (BE),"zoonotic,language",https://cordis.europa.eu/project/id/101298050
7,"POSTDOC FELLOWSHIP - requires PhD already, not applicable pre-PhD",AUTON,Automation and Occupational Network,HORIZON-TMA-MSCA-PF-GF,2026-08-01,2029-07-31,"309153,72",UNIVERSITA DEGLI STUDI DI CAGLIARI,IT,CAGLIARI,,https://ec.europa.eu/info/funding-tenders/opportunities/portal/screen/contact-form/project/999841663/101279945,1,MONASH UNIVERSITY (AU),"zoonotic,language",https://cordis.europa.eu/project/id/101279945
7,"POSTDOC FELLOWSHIP - requires PhD already, not applicable pre-PhD",PARABIOTIC,PARAsites as BIOlogical indicators: investigating marine TrophIC networks ecological dynamics,HORIZON-TMA-MSCA-PF-GF,2026-10-15,2029-10-14,"276232,68",STAZIONE ZOOLOGICA ANTON DOHRN,IT,Napoli,http://www.szn.it,https://ec.europa.eu/info/funding-tenders/opportunities/portal/screen/contact-form/project/999468310/101268082,1,UNIVERSIDAD DE COSTA RICA (CR),"zoonotic,biodiv",https://cordis.europa.eu/project/id/101268082
7,DOCTORAL NETWORK - structured PhD recruitment,HEALENAE,HEALth and ENvironment in Africa and Europe,HORIZON-TMA-MSCA-DN-JD,2026-01-01,2029-12-31,"4658684,4",AARHUS UNIVERSITET,DK,Aarhus C,http://www.au.dk,https://ec.europa.eu/info/funding-tenders/opportunities/portal/screen/contact-form/project/999997736/101226551,12,THE UNIVERSITY OF EDINBURGH (UK) | UNIVERSITY OF CAPE TOWN (ZA) | UNIVERSITY OF NAIROBI (KE) | KATHOLIEKE UNIVERSITEIT LEUVEN (BE) | UNIVERSITETET I OSLO (NO) | INNOVATION FOR POLICY FOUNDATION (MU) | CHILDREN'S RADIO FOUNDATION (ZA) | Sunshine Cinema NPC (ZA) | SCIENSANO (BE) | MUSEE ROYAL DE L'AFRIQUE CENTRALE (BE) | Centre for Environment Justice and Development (KE) | MAKERERE UNIVERSITY (UG),"zoonotic,language",https://cordis.europa.eu/project/id/101226551
7,PI-HELD GRANT - cold outreach to coordinator,SENTRY,A Precision Agriculture Solution for Plant Pathogen Surveillance and Risk Assessment.,HORIZON-RIA,2026-06-01,2030-05-31,"5999929,02",STREMBLE VENTURES LTD,CY,LIMASSOL,,https://ec.europa.eu/info/funding-tenders/opportunities/portal/screen/contact-form/project/954021676/101288591,20,"UNIVERSIDADE NOVA DE LISBOA (PT) | EUROPEAN SENSOR SYSTEMS SA (EL) | AGRICULTURAL APPLICATIONS IKE (EL) | TECHNOLOGIKO PANEPISTIMIO KYPROU (CY) | GIOUMPITEK MELETI SCHEDIASMOS YLOPOIISI KAI POLISI ERGON PLIROFORIKIS ETAIREIA PERIORISMENIS EFTHYNIS (EL) | AMP SCIENTIFIC LTD (CY) | INNOVPLANTPROTECT - ASSOCIACAO (PT) | ROCHACENTER - CENTRO DE POS-COLHEITA E TECNOLOGIA ACE (PT) | Onoblo s.r.l. Società Benefit (IT) | TECHNISCHE UNIVERSITEIT EINDHOVEN (NL) | CER GROUPE (BE) | THE CYPRUS PHASSOURI PLANTATIONS CO. LIMITED (CY) | KMETIJSKO GOZDARSKA ZBORNICA SLOVENIJE KMETIJSKO GOZDARSKI ZAVOD MURSKA SOBOTA (SI) | ZELENA TOCKA CERP - PROIZVODNO RAZISKOVALNI CENTER zoo (SI) | WABOOST RAZVOJ TEHNOLOGIJ D.O.O. (SI) | BRIGHTLANDS CAMPUS GREENPORT VENLO BV (NL) | ETHNICON METSOVION POLYTECHNION (EL) | CASTROS ILUMINACOES FESTIVAS SA (PT) | MATGLOW - SMART MATERIALS, UNIPESSOAL LDA (PT) | Outro Chão - Agricultura Biológica, Lda (PT)","zoonotic,biodiv",https://cordis.europa.eu/project/id/101288591
7,PI-HELD GRANT - cold outreach to coordinator,GeoAI4EI,GeoAI toolbox for Epidemic Intelligence,HORIZON-RIA,2026-07-01,2030-06-30,"7999816,25",STICHTING OPENGEOHUB,NL,DOORWERTH,,https://ec.europa.eu/info/funding-tenders/opportunities/portal/screen/contact-form/project/903930779/101287260,10,"CENTRE DE COOPERATION INTERNATIONALE EN RECHERCHE AGRONOMIQUE POUR LEDEVELOPPEMENT - C.I.R.A.D. EPIC (FR) | AVIA-GIS NV (BE) | ENVIRONMENTAL RESEARCH GROUP OXFORD LIMITED (UK) | INSTITUT NATIONAL DE RECHERCHE POUR L'AGRICULTURE, L'ALIMENTATION ET L'ENVIRONNEMENT (FR) | FONDAZIONE EDMUND MACH (IT) | MUNDIALIS GMBH & CO KG (DE) | UNIVERSITE DE GENEVE (CH) | ISTITUTO SUPERIORE DI SANITA (IT) | UNIVERSITAET MUENSTER (DE) | VAGO SOLUTIONS EGBR (DE)","zoonotic,language",https://cordis.europa.eu/project/id/101287260
7,PI-HELD GRANT - cold outreach to coordinator,FLAMR,Federated Learning for Antimicrobial Resistance Surveillance,HORIZON-TMA-MSCA-SE,2026-09-01,2030-08-31,1653300,EESTI MAAULIKOOL,EE,Tartu,http://www.emu.ee,https://ec.europa.eu/info/funding-tenders/opportunities/portal/screen/contact-form/project/999857280/101299901,9,"UNIVERSITATEA SPIRU HARET (RO) | JUDETUL ILFOV (RO) | UNIVERSITATEA DIN BUCURESTI (RO) | N-VISION SYSTEMS AND TECHNOLOGIES SL (ES) | UNIVERSITY COLLEGE DUBLIN, NATIONAL UNIVERSITY OF IRELAND, DUBLIN (IE) | UNIVERSIDAD DE CALDAS (CO) | Servicios Especiales de Salud (CO) | UNIVERSITRY OF PERADENIYA (LK) | Chungnam National University Industry-Academic Collabroration Foundation (KR)","zoonotic,language",https://cordis.europa.eu/project/id/101299901
7,PI-HELD GRANT - cold outreach to coordinator,VISIONAIR,Virtual Integration for Sustainable and Innovative Observation of Urban Air Quality,HORIZON-RIA,2026-09-01,2030-08-31,"7705663,75",VLAAMSE INSTELLING VOOR TECHNOLOGISCH ONDERZOEK N.V.,BE,Mol,http://www.vito.be,https://ec.europa.eu/info/funding-tenders/opportunities/portal/screen/contact-form/project/999645238/101288740,20,EUROPEAN RESEARCH SERVICES GMBH (DE) | KEMIJSKI INSTITUT (SI) | LUXEMBOURG INSTITUTE OF SCIENCE AND TECHNOLOGY (LU) | HOCHSCHULEN FRESENIUS GEMEINNUTZIGE TRAGERGESELLSCHAFT MBH (DE) | ARISTOTELIO PANEPISTIMIO THESSALONIKIS (EL) | INSTITUT ZA ZDRAVJE IN OKOLJE (SI) | NOVAMECHANICS LIMITED (CY) | NOVAMECHANICS MONOPROSOPI IKE (EL) | University of Novi Sad Faculty of Sciences (RS) | VALSTYBINIS MOKSLINIU TYRIMU INSTITUTAS INOVATYVIOS MEDICINOS CENTRAS (LT) | HELSINGIN YLIOPISTO (FI) | UNIVERSITY OF PIRAEUS RESEARCH CENTER (EL) | FUNDACION CARTIF (ES) | FONDAZIONE ICONS (IT) | GOETEBORGS UNIVERSITET (SE) | REAR WINDOW (BE) | SCIDRONES TEXNOVLASTOS IKE (EL) | ZENTRIX LAB OU (EE) | MESTNA OBCINA LJUBLJANA (SI) | DIMOS PEIRAIA (EL),"culturomics,spatial",https://cordis.europa.eu/project/id/101288740
7,PI-HELD GRANT - cold outreach to coordinator,TETTRIX,TETTRIX: TETTRIs next level for the taxonomy of tomorrow,HORIZON-RIA,2026-09-01,2030-08-31,"11999926,25",CONSORTIUM OF EUROPEAN TAXONOMIC FACILITIES,BE,Bruxelles / Brussel,,https://ec.europa.eu/info/funding-tenders/opportunities/portal/screen/contact-form/project/951354079/101286598,18,"NATURHISTORISCHES MUSEUM (AT) | MUSEUM NATIONAL D'HISTOIRE NATURELLE (FR) | FREIE UNIVERSITAET BERLIN (DE) | SENCKENBERG GESELLSCHAFT FUR NATURFORSCHUNG (DE) | AGENTSCHAP PLANTENTUIN MEISE (BE) | STICHTING NATURALIS BIODIVERSITY CENTER (NL) | PANEPISTIMIO KRITIS (EL) | KPMG ADVISORY NV (NL) | UNIVERSIDADE DE LISBOA (PT) | HELMHOLTZ-ZENTRUM FUR UMWELTFORSCHUNG GMBH - UFZ (DE) | PENSOFT PUBLISHERS (BG) | NORGES TEKNISK-NATURVITENSKAPELIGE UNIVERSITET NTNU (NO) | HELSINGIN YLIOPISTO (FI) | STAATLICHES MUSEUM FUER NATURKUNDE STUTTGART (DE) | ROYAL BOTANIC GARDENS KEW (UK) | BOTANICKY USTAV AV CR, V.V.I. (CZ) | Board of Trustees of the Royal Botanic Garden Edinburgh (UK) | INSTITUT ROYAL DES SCIENCES NATURELLES DE BELGIQUE (BE)","zoonotic,biodiv",https://cordis.europa.eu/project/id/101286598
7,PI-HELD GRANT - cold outreach to coordinator,MIRRI-FIRM,Making MIRRI FAIR for Globally Impactful Research,HORIZON-RIA,2026-10-01,2030-09-30,3999452,MICROBIAL RESOURCE RESEARCH INFRASTRUCTURE - EUROPEAN RESEARCH INFRASTRUCTURE CONSORTIUM,PT,BRAGA,,https://ec.europa.eu/info/funding-tenders/opportunities/portal/screen/contact-form/project/881127049/101292674,24,"SERVICE PUBLIC FEDERAL DE PROGRAMMATION POLITIQUE SCIENTIFIQUE (BE) | UNIVERSITA DEGLI STUDI DI TORINO (IT) | UNIVERSITA DEGLI STUDI DI PERUGIA (IT) | UNIVERSITA DEGLI STUDI DI MODENA E REGGIO EMILIA (IT) | CONSIGLIO NAZIONALE DELLE RICERCHE (IT) | INSTITUT NATIONAL DE RECHERCHE POUR L'AGRICULTURE, L'ALIMENTATION ET L'ENVIRONNEMENT (FR) | INSTITUT PASTEUR (FR) | UNIVERSIDADE DO MINHO (PT) | UNIVERSIDADE NOVA DE LISBOA (PT) | UNIVERSITAT DE VALENCIA (ES) | INSTITUTO ANDALUZ DE INVESTIGACIONY FORMACION AGRARIA PESQUERA ALIMENTARIA Y DE LA PRODUCCION ECOLOGICA (ES) | UNIVERSIDAD DE LAS PALMAS DE GRAN CANARIA (ES) | ETHNIKO KAI KAPODISTRIAKO PANEPISTIMIO ATHINON (EL) | LATVIJAS UNIVERSITATE (LV) | INSTITUTUL NATIONAL DE CERCETARE DEZVOLTARE CHIMICO FARMACEUTICA ICCF BUCURESTI (RO) | KONINKLIJKE NEDERLANDSE AKADEMIE VAN WETENSCHAPPEN - KNAW (NL) | INSTYTUT BIOTECHNOLOGII PRZEMYSLU ROLNO-SPOZYWCZEGO IM PROF WACLAWA DABROWSKIEGO - PANSTWOWY INSTYTUT BADAWCZY (PL) | INSTYTUT IMMUNOLOGII I TERAPII DOSWIADCZALNEJ IM LUDWIKA HIRSZFELDA PAN (PL) | CHEMICKY USTAV SLOVENSKEJ AKADEMIEVIED (SK) | RUDER BOSKOVIC INSTITUTE (HR) | BIOAWARE (BE) | SOCIEDADE PORTUGUESA DE INOVACAO CONSULTADORIA EMPRESARIAL E FOMENTO DA INOVACAO SA (PT) | INESC ID INSTITUTO DE ENGENHARIADE SISTEMAS E COMPUTADORES INVESTIGACAO E DESENVOLVIMENTO EM LISBOA (PT) | INTEGRATED CARBON OBSERVATION SYSTEM EUROPEAN RESEARCH INFRASTRUCTURECONSORTIUM (FI)","zoonotic,biodiv",https://cordis.europa.eu/project/id/101292674
7,PI-HELD GRANT - cold outreach to coordinator,CODA,Conservation of defense and anti-defense mechanisms across the tree of life,HORIZON-ERC,2026-02-01,2031-01-31,1499626,CENTRE NATIONAL DE LA RECHERCHE SCIENTIFIQUE CNRS,FR,PARIS,http://www.cnrs.fr,https://ec.europa.eu/info/funding-tenders/opportunities/portal/screen/contact-form/project/999997930/101220240,0,,"zoonotic,biodiv",https://cordis.europa.eu/project/id/101220240
7,DOCTORAL NETWORK - structured PhD recruitment,RESDOC,Training Doctoral Excellence for Resilient and Just Future,HORIZON-TMA-MSCA-Cofund-D,2027-01-01,2031-12-31,4752000,HELSINGIN YLIOPISTO,FI,HELSINGIN YLIOPISTO,http://www.helsinki.fi/university/,https://ec.europa.eu/info/funding-tenders/opportunities/portal/screen/contact-form/project/999994535/101261796,24,"BIOMENSIO OY (FI) | DEMOS HELSINKI OY (FI) | HELSINGIN KAUPUNKI (FI) | HUS-YHTYMA (FI) | Kost Studio ApS (DK) | LAHDEN KAUPUNKI (FI) | LATVIJAS VALSTS MEZZINATNES INSTITUTS SILAVA (LV) | LINNEUNIVERSITETET (SE) | LUONNONVARAKESKUS (FI) | ORION OYJ (FI) | Ravintoraisio Oy (FI) | Resistomap Oy (FI) | SUOMEN YMPARISTOKESKUS (FI) | TEKNOLOGIAN TUTKIMUSKESKUS VTT OY (FI) | TURUN YLIOPISTO (FI) | Università degli Studi della Tuscia - DISUCOM (IT) | UNIVERSITY COLLEGE DUBLIN, NATIONAL UNIVERSITY OF IRELAND, DUBLIN (IE) | GEORG-AUGUST-UNIVERSITAT GOTTINGEN STIFTUNG OFFENTLICHEN RECHTS (DE) | UNIVERSITY OF NAIROBI (KE) | UPM-KYMMENE OYJ (FI) | UUDENMAAN LIITTO (FI) | VALIO OY (FI) | Vetcare Ltd (FI) | SVERIGES LANTBRUKSUNIVERSITET (SE)","zoonotic,biodiv",https://cordis.europa.eu/project/id/101261796
6,"POSTDOC FELLOWSHIP - requires PhD already, not applicable pre-PhD",OCEAN EARS,OCEAN EARS - Sound Swimming with Whales,HORIZON-TMA-MSCA-PF-EF,2026-06-01,2028-05-31,"242260,56",SORBONNE UNIVERSITE,FR,Paris,http://www.sorbonne-universite.fr,https://ec.europa.eu/info/funding-tenders/opportunities/portal/screen/contact-form/project/909875521/101283235,0,,"media,biodiv",https://cordis.europa.eu/project/id/101283235
6,"POSTDOC FELLOWSHIP - requires PhD already, not applicable pre-PhD",MILITENCE,From MILITary ENClosures to civic spatial practices in Estonian islands Saaremaa and Hiiumaa,HORIZON-TMA-MSCA-PF-EF,2026-07-01,2028-06-30,"230184,72",AKADEMIE DER BILDENDEN KUNSTE WIEN,AT,Wien,,https://ec.europa.eu/info/funding-tenders/opportunities/portal/screen/contact-form/project/989289809/101280478,0,,"language,biodiv",https://cordis.europa.eu/project/id/101280478
6,PI-HELD GRANT - cold outreach to coordinator,CHINACADEMY,Art Academies in China: Global Histories and Institutional Practices,HORIZON-ERC,2023-09-01,2028-08-31,1955208,FREIE UNIVERSITAET BERLIN,DE,BERLIN,http://www.fu-berlin.de,https://ec.europa.eu/info/funding-tenders/opportunities/portal/screen/contact-form/project/999994826/101043504,0,,"language,biodiv",https://cordis.europa.eu/project/id/101043504
6,"POSTDOC FELLOWSHIP - requires PhD already, not applicable pre-PhD",BIOFICTION,Biodiversity in Fiction,HORIZON-TMA-MSCA-PF-EF,2026-10-01,2028-09-30,"230184,72",UNIVERSITAT WIEN,AT,WIEN,http://www.univie.ac.at,https://ec.europa.eu/info/funding-tenders/opportunities/portal/screen/contact-form/project/999866883/101267067,0,,"language,biodiv",https://cordis.europa.eu/project/id/101267067
6,PI-HELD GRANT - cold outreach to coordinator,MAKEBELIEF,"The Religious Politics of Theme Parks in the 21st century: Imagineering Religion, Heritage and National Sentiments",HORIZON-ERC,2023-12-01,2028-11-30,1996729,KONINKLIJKE NEDERLANDSE AKADEMIE VAN WETENSCHAPPEN - KNAW,NL,AMSTERDAM,http://www.hubrecht.eu/,https://ec.europa.eu/info/funding-tenders/opportunities/portal/screen/contact-form/project/999518362/101089113,0,,"language,media",https://cordis.europa.eu/project/id/101089113
6,PI-HELD GRANT - cold outreach to coordinator,BeValue,From Behavior to Values: An Unexplored Process of Personal Value Development,HORIZON-ERC,2024-01-01,2028-12-31,2000000,THE HEBREW UNIVERSITY OF JERUSALEM,IL,Jerusalem,http://www.huji.ac.il,https://ec.europa.eu/info/funding-tenders/opportunities/portal/screen/contact-form/project/999975038/101087000,0,,"language,media",https://cordis.europa.eu/project/id/101087000
6,PI-HELD GRANT - cold outreach to coordinator,ENTICE,"ENhanced understanding of Trade Impacts on Climate, industries, and the Environment",HORIZON-RIA,2025-01-01,2028-12-31,"5986157,5",E3-MODELLING AE,EL,ATHINA,,https://ec.europa.eu/info/funding-tenders/opportunities/portal/screen/contact-form/project/937657194/101184775,15,"FONDAZIONE CENTRO EURO-MEDITERRANEOSUI CAMBIAMENTI CLIMATICI (IT) | WUPPERTAL INSTITUT FUR KLIMA, UMWELT, ENERGIE GGMBH (DE) | FUNDACJA INSTYTUT REFORM (PL) | STICHTING VU (NL) | HOLISTIC IKE (EL) | ENEXTGEN S.R.L. (IT) | UNIVERSITY OF SOUTHAMPTON (UK) | UNIVERSITA DEGLI STUDI DI VERONA (IT) | SEURECO SOCIETE EUROPEENNE D'ECONOMIE SARL (FR) | EREVNITIKO PANEPISTIMIAKO INSTITOUTO SYSTIMATON EPIKOINONION KAI YPOLOGISTON (EL) | POLITECNICO DI MILANO (IT) | TRUSTEES OF PURDUE UNIVERSITY (US) | ZEW - LEIBNIZ-ZENTRUM FUR EUROPAISCHE WIRTSCHAFTSFORSCHUNG GMBH MANNHEIM (DE) | UNIVERSITEIT UTRECHT (NL) | ORDECSYS SARL (CH)","language,biodiv",https://cordis.europa.eu/project/id/101184775
6,"POSTDOC FELLOWSHIP - requires PhD already, not applicable pre-PhD",L.I.A.N.A.S.,"L.I.A.N.A.S. - Looking at Italian Africa Nature, Animals and Safari",HORIZON-TMA-MSCA-PF-GF,2026-01-01,2028-12-31,"420751,08",UNIVERSITA DEGLI STUDI DI FIRENZE,IT,Florence,http://www.unifi.it/,https://ec.europa.eu/info/funding-tenders/opportunities/portal/screen/contact-form/project/999895789/101205469,2,UNIVERSITY OF HOUSTON SYSTEM (US) | ADDIS ABABA UNIVERSITY (ET),"language,media",https://cordis.europa.eu/project/id/101205469
6,PI-HELD GRANT - cold outreach to coordinator,LEVER,"Our sustainabLe futurE, the ValuEs that dRive it, and how to get there",HORIZON-ERC,2024-02-01,2029-01-31,1222194,UNIVERSITAET KASSEL,DE,KASSEL,http://www.uni-kassel.de,https://ec.europa.eu/info/funding-tenders/opportunities/portal/screen/contact-form/project/999852624/101077855,0,,"language,biodiv",https://cordis.europa.eu/project/id/101077855
6,"POSTDOC FELLOWSHIP - requires PhD already, not applicable pre-PhD",Beyond Extraction,"Beyond Extraction: A Relational Approach to Exploitation, Governance, and Systemic Transformation in Global Extraction Frontiers",HORIZON-TMA-MSCA-PF-EF,2027-02-01,2029-01-31,216240,UNIVERSITEIT ANTWERPEN,BE,Antwerpen,http://www.ua.ac.be,https://ec.europa.eu/info/funding-tenders/opportunities/portal/screen/contact-form/project/999902870/101282131,0,,"language,media",https://cordis.europa.eu/project/id/101282131
6,PI-HELD GRANT - cold outreach to coordinator,HERITWIN,Cultural Heritage Digital Twins,HORIZON-IA,2026-09-01,2029-02-28,"3889366,96",NORGES TEKNISK-NATURVITENSKAPELIGE UNIVERSITET NTNU,NO,Trondheim,http://www.ntnu.no,https://ec.europa.eu/info/funding-tenders/opportunities/portal/screen/contact-form/project/999977851/101287315,16,UNIVERSIDADE DA CORUNA (ES) | DIGITAL CATAPULT (UK) | HAFENSTROM AS (NO) | FORENINGEN SVENSK FORM (SE) | ETAIREIA MELETON YPIRESION KAI LOGISMIKOU GEOCHORIKIS PLIROFORIAS I.K.E. (EL) | ANYSOLUTION SL (ES) | INLECOM INNOVATION ASTIKI MI KERDOSKOPIKI ETAIREIA (EL) | ECLIPSE FOUNDATION EUROPE GMBH (DE) | 3D Interactive Sthlm AB (SE) | TRIALOG (FR) | TBC as (NO) | of Us AB (SE) | TELEMARK FYLKESKOMMUNE (NO) | Digital Twin Sustainable Cities Insamlingsstiftelse (SE) | Flax & Teal Limited (UK) | EFOREIA ARCHAIOTITON CHALKIDIKIS KAI AGIOU OROUS (EL),"language,biodiv",https://cordis.europa.eu/project/id/101287315
6,PI-HELD GRANT - cold outreach to coordinator,ChrIs-cross,Entangled Christianities in Jerusalem and the Middle East: A cross-cultural bottom-up approach (12th-16th centuries),HORIZON-ERC,2024-06-01,2029-05-31,1997676,CENTRE NATIONAL DE LA RECHERCHE SCIENTIFIQUE CNRS,FR,PARIS,http://www.cnrs.fr,https://ec.europa.eu/info/funding-tenders/opportunities/portal/screen/contact-form/project/999997930/101124193,1,INSTITUT FRANCAIS D'ARCHEOLOGIE ORIENTALE DU CAIRE (EG),"language,biodiv",https://cordis.europa.eu/project/id/101124193
6,PI-HELD GRANT - cold outreach to coordinator,BloomEra,A thematic network to bloom the farmers’ income by innovative agricultural systems for arable crops and by the circular use of their agricultural residues,HORIZON-CSA,2026-06-01,2029-05-31,2999875,CENTRE FOR RENEWABLE ENERGY SOURCES AND SAVING FONDATION,EL,PIKERMI,http://www.cres.gr,https://ec.europa.eu/info/funding-tenders/opportunities/portal/screen/contact-form/project/999646014/101295871,18,ALMA MATER STUDIORUM - UNIVERSITA DI BOLOGNA (IT) | LANDESKAMMER FUER LAND UND FORTWIRTSCHAFT IN STEIERMARK (AT) | UNIWERSYTET PRZYRODNICZY W POZNANIU (PL) | AIADAC LTD (CY) | COOPERATIVAS AGRO-ALIMENTARIAS DE ESPANA U DE COOP SOCIEDAD COOPERATIVA (ES) | FEDERACIÓN ARAGONESA DE COOPERATIVAS AGRARIAS (ES) | CONSIGLIO PER LA RICERCA IN AGRICOLTURA E L'ANALISI DELL'ECONOMIA AGRARIA (IT) | LATVIJAS VALSTS MEZZINATNES INSTITUTS SILAVA (LV) | CONSORZIO ITALIANO COMPOSTATORI (IT) | AGROTRANSILVANIA CLUSTER (RO) | ILIOS SYMVOULEFTIKI E.E. (EL) | EUROPEAN CONSERVATION AGRICULTURE FEDERATION (BE) | UNIVERSIDADE NOVA DE LISBOA (PT) | LATVIJAS BIOZINATNU UN TEHNOLOGIJU UNIVERSITATE (LV) | KOINONIKI SYNETARISTIKI EPICHEIRISI SYLOGIKIS KAI KOINONIKIS OFELEIAS  AGRIMA (EL) | UNIVERSITATEA DE STIINTE AGRICOLE SI MEDICINA VETERINARA CLUJ NAPOCA (RO) | CENTRE NATIONAL D'AGROECOLOGIE (FR) | INSTITUT D ECONOMIE SCIENTIFIQUE ET DE GESTION (FR),"language,biodiv",https://cordis.europa.eu/project/id/101295871
6,PI-HELD GRANT - cold outreach to coordinator,MITHOS,"INNOVATIVE DECISION-MAKING TOOL FOR THE FEDERATED MONITORING, RE-DESIGN AND CONSERVATION OF MULTIMODAL TRANSPORT INFRASTRUCTURES",HORIZON-IA,2025-08-01,2029-07-31,"5000201,25",ASOCIACION CENTRO TECNOLOGICO CEIT,ES,SAN SEBASTIAN,http://www.ceit.es,https://ec.europa.eu/info/funding-tenders/opportunities/portal/screen/contact-form/project/999605662/101202959,13,DEUTSCHES ZENTRUM FUR LUFT - UND RAUMFAHRT EV (DE) | ETHNIKO KENTRO EREVNAS KAI TECHNOLOGIKIS ANAPTYXIS (EL) | EMISIA SA (EL) | AIT AUSTRIAN INSTITUTE OF TECHNOLOGY GMBH (AT) | PRAGUE ADVANCED TECHNOLOGY AND RESEARCH INNOVATION CENTER AS (CZ) | IFP Energies nouvelles (FR) | UNIVERSITAT LINZ (AT) | KEITA MOBILITY FACTORY SL (ES) | TECHNISCHE HOCHSCHULE INGOLSTADT (DE) | ASOCIACION CLUSTER DE MOVILIDAD Y LOGISTICA DE EUSKADI (ES) | FREIE UND HANSESTADT HAMBURG (DE) | AYUNTAMIENTO DE BILBAO (ES) | ORGANISMOS SYGKOINONIAKOY ERGOU THESSALONIKIS ANONYMI ETAIRIA (EL),"language,biodiv",https://cordis.europa.eu/project/id/101202959
6,"POSTDOC FELLOWSHIP - requires PhD already, not applicable pre-PhD",DOC-CULT,Documentary Culture and Empire in the Southern Levant: The Case of Early Judaism,HORIZON-TMA-MSCA-PF-EF,2027-09-01,2029-08-31,"260347,92",THE UNIVERSITY OF EDINBURGH,UK,Edinburgh,http://www.ed.ac.uk/home,https://ec.europa.eu/info/funding-tenders/opportunities/portal/screen/contact-form/project/999974941/101270238,0,,"language,media",https://cordis.europa.eu/project/id/101270238
6,PI-HELD GRANT - cold outreach to coordinator,EOSC AIssistant,Agentic GenAI Open Research Assistant,HORIZON-RIA,2026-09-01,2029-08-31,"9174788,25",TECHNISCHE INFORMATIONSBIBLIOTHEK (TIB),DE,HANNOVER,,https://ec.europa.eu/info/funding-tenders/opportunities/portal/screen/contact-form/project/925088419/101292566,11,INSTYTUT CHEMII BIOORGANICZNEJ POLSKIEJ AKADEMII NAUK (PL) | GOTTFRIED WILHELM LEIBNIZ UNIVERSITAET HANNOVER (DE) | UNIVERSITA DEGLI STUDI DI CAGLIARI (IT) | INSTITUT MIHAJLO PUPIN (RS) | THE OPEN UNIVERSITY (UK) | LAION E.V. (DE) | ETHNIKO KAI KAPODISTRIAKO PANEPISTIMIO ATHINON (EL) | THE UNIVERSITY OF MANCHESTER (UK) | TECHNISCHE UNIVERSITEIT EINDHOVEN (NL) | OFFIS EV (DE) | STICHTING NATURALIS BIODIVERSITY CENTER (NL),"language,biodiv",https://cordis.europa.eu/project/id/101292566
6,PI-HELD GRANT - cold outreach to coordinator,DELaw,Degrowth through Energy Law: Using the legal framework for electricity batteries in Europe to achieve a degrowth-focused energy law,HORIZON-ERC,2025-01-01,2029-09-30,1425000,FUNDACION FUNDECYT - PARQUE CIENTIFICO Y TECNOLOGICO DE EXTREMADURA,ES,BADAJOZ,,https://ec.europa.eu/info/funding-tenders/opportunities/portal/screen/contact-form/project/951026025/101163065,0,,"language,biodiv",https://cordis.europa.eu/project/id/101163065
6,PI-HELD GRANT - cold outreach to coordinator,BioDiMoBot,Autonomous Longtime Aquatic Biodiversity and Ecology Monitoring Robot,HORIZON-IA,2025-01-01,2029-12-31,"7999593,75",UNIVERSITAET GRAZ,AT,GRAZ,http://www.uni-graz.at,https://ec.europa.eu/info/funding-tenders/opportunities/portal/screen/contact-form/project/999873188/101181363,6,SCUOLA SUPERIORE DI STUDI UNIVERSITARI E DI PERFEZIONAMENTO S ANNA (IT) | UNIVERSITE LIBRE DE BRUXELLES (BE) | UNIVERSITY OF DURHAM (UK) | SYRION INSTITUT ZUR FORDERUNG SYSTEMISCHER FORSCHUNG UND INNOVATION (AT) | OESTERREICHISCHE BUNDESFORSTE AG (AT) | CARBON KAPTURE (MULROY BAY) LTD (UK),"language,biodiv",https://cordis.europa.eu/project/id/101181363
6,DOCTORAL NETWORK - structured PhD recruitment,UNVEIL,Unified Nondestructive Evaluation of Historical Artifacts,HORIZON-TMA-MSCA-DN,2026-03-01,2030-02-28,3704283,CENTRE NATIONAL DE LA RECHERCHE SCIENTIFIQUE CNRS,FR,PARIS,http://www.cnrs.fr,https://ec.europa.eu/info/funding-tenders/opportunities/portal/screen/contact-form/project/999997930/101226363,20,UNIVERSITA DELLA CALABRIA (IT) | UNIVERSITY OF WARWICK (UK) | FRAUNHOFER GESELLSCHAFT ZUR FORDERUNG DER ANGEWANDTEN FORSCHUNG EV (DE) | KATHOLIEKE UNIVERSITEIT LEUVEN (BE) | NORGES TEKNISK-NATURVITENSKAPELIGE UNIVERSITET NTNU (NO) | PROFILOCOLORE SRL (IT) | UNIVERSITY OF NEWCASTLE UPON TYNE (UK) | UNIVERSITAT TRIER (DE) | RHEINISCH-WESTFAELISCHE TECHNISCHE HOCHSCHULE AACHEN (DE) | UNIVERSITE DE LORRAINE (FR) | TECHNISCHE UNIVERSITAET DRESDEN (DE) | CENTRO PER LA CONSERVAZIONE ED IL RESTAURO DEI BENI CULTURALI LA VENARIA REALE FONDAZIONE (IT) | UNIVERSITAET LEIPZIG (DE) | METZ METROPOLE Communauté d'Agglomération (FR) | S.T.Art-Test di S. Schiavone & C sas (IT) | Sofia Maria Facal Belli (ES) | Twiceout S.r.l. (IT) | UNIVERSITA DEGLI STUDI DI ROMA LA SAPIENZA (IT) | UNIVERSITE PARIS-SACLAY (FR) | Great North Museum: Hancock (UK),"language,biodiv",https://cordis.europa.eu/project/id/101226363
6,PI-HELD GRANT - cold outreach to coordinator,RiDe,Rise and Demise of Industrial Modernity,HORIZON-ERC,2025-05-01,2030-04-30,1990195,TARTU ULIKOOL,EE,TARTU,http://www.ut.ee,https://ec.europa.eu/info/funding-tenders/opportunities/portal/screen/contact-form/project/999895013/101170823,0,,"language,biodiv",https://cordis.europa.eu/project/id/101170823
6,PI-HELD GRANT - cold outreach to coordinator,VectorGrid-Africa,Establishing a Network of Permanent Observatories for Mosquitoes and Mosquito-Borne Diseases in East and Southern Africa (VectorGrid-Africa),HORIZON-JU-RIA,2025-09-01,2030-08-31,"6144095,73",UNIVERSITY OF GLASGOW,UK,Glasgow,http://www.gla.ac.uk/researchinstitutes/iii/staff/iainmcinnes/,https://ec.europa.eu/info/funding-tenders/opportunities/portal/screen/contact-form/project/999974165/101190696,9,THE REGISTERED TRUSTEES OF THE IFAKARA HEALTH INSTITUTE (TZ) | GENOME RESEARCH LIMITED LBG (UK) | Institut Pasteur de Madagascar (MG) | WITS HEALTH CONSORTIUM (PTY) LTD (ZA) | FUNDACAO MANHICA (MZ) | UNIVERSIDADE EDUARDO MONDLANE (MZ) | KENYA MEDICAL RESEARCH INSTITUTE (KE) | UNIVERSITY OF NAIROBI (KE) | THE TECHNICAL UNIVERSITY OF KENYA (KE),"zoonotic,spatial",https://cordis.europa.eu/project/id/101190696
6,PI-HELD GRANT - cold outreach to coordinator,PEAT-GENIE,Simulating Management Decisions with Peatland Digital Twins and Generative AI,HORIZON-RIA,2026-09-01,2030-08-31,"8819099,35",GEOLOGIAN TUTKIMUSKESKUS,FI,Espoo,http://www.gtk.fi,https://ec.europa.eu/info/funding-tenders/opportunities/portal/screen/contact-form/project/999432614/101287905,19,"Geological Survey of Denmark and Greenland (DK) | TARTU ULIKOOL (EE) | RISE RESEARCH INSTITUTES OF SWEDEN AB (SE) | UNIVERSITY COLLEGE DUBLIN, NATIONAL UNIVERSITY OF IRELAND, DUBLIN (IE) | THE PROVOST, FELLOWS, FOUNDATION SCHOLARS & THE OTHER MEMBERS OF BOARD, OF THE COLLEGE OF THE HOLY & UNDIVIDED TRINITY OF QUEEN ELIZABETH NEAR DUBLIN (IE) | VSB - TECHNICAL UNIVERSITY OF OSTRAVA (CZ) | TURUN YLIOPISTO (FI) | UNIVERSITA DEGLI STUDI DI PARMA (IT) | BEAK CONSULTANTS GMBH (DE) | CSC-TIETEEN TIETOTEKNIIKAN KESKUS OY (FI) | E-SCIENCE EUROPEAN INFRASTRUCTURE FOR BIODIVERSITY AND ECOSYSTEM RESEARCH (ES) | WETLANDS INTERNATIONAL - EUROPEAN ASSOCIATION (NL) | NATURSTYRELSEN (DK) | Tapio Palvelut Oy (FI) | SIHTASUTUS EESTIMAA LOODUSE FOND (EE) | TEAGASC - AGRICULTURE AND FOOD DEVELOPMENT AUTHORITY (IE) | METSAHALLITUS (FI) | MAA- JA METSATALOUSMINISTERIO (MMM) (FI) | Sorø Kommune, TMD (DK)","language,biodiv",https://cordis.europa.eu/project/id/101287905
6,PI-HELD GRANT - cold outreach to coordinator,DROUGHT,Living with Drought: Human -Environment Relationships in Drying European Landscapes,HORIZON-ERC,2025-12-01,2030-11-30,1683750,"THE CHANCELLOR, MASTERS AND SCHOLARS OF THE UNIVERSITY OF OXFORD",UK,Oxford,http://www.ox.ac.uk,https://ec.europa.eu/info/funding-tenders/opportunities/portal/screen/contact-form/project/999984350/101165175,1,UNIVERSITETET I OSLO (NO),"language,biodiv",https://cordis.europa.eu/project/id/101165175
6,DOCTORAL NETWORK - structured PhD recruitment,GLASS-CARE,Green Light for Advanced Solutions in Stained Glass Conservation and Application of Research and Education,HORIZON-TMA-MSCA-DN,2027-01-01,2030-12-31,"4525873,2",VRIJE UNIVERSITEIT BRUSSEL,BE,Bruxelles / Brussel,http://www.vub.ac.be,https://ec.europa.eu/info/funding-tenders/opportunities/portal/screen/contact-form/project/999902094/101311557,17,UNIVERSITEIT ANTWERPEN (BE) | IDRYMA TECHNOLOGIAS KAI EREVNAS (EL) | NORGES TEKNISK-NATURVITENSKAPELIGE UNIVERSITET NTNU (NO) | Schweizerisches Nationalmuseum (CH) | UNIVERSIDADE NOVA DE LISBOA (PT) | UNIVERSITAT POLITECNICA DE CATALUNYA (ES) | UNIVERSITE PARIS XII VAL DE MARNE (FR) | POLITECHNIKA WARSZAWSKA (PL) | AKADEMIA SZTUK PIEKNYCH IM. EUGENIUSZA GEPPERTA WE WROCLAWIU (PL) | AVANTES BV (NL) | CENTRE NATIONAL DE LA RECHERCHE SCIENTIFIQUE CNRS (FR) | J.M.Bonet vitralls S.L. (ES) | Joost CAEN BV (BE) | Spektralion AS (NO) | UNIVERSITE GUSTAVE EIFFEL (FR) | ALMA MATER STUDIORUM - UNIVERSITA DI BOLOGNA (IT) | PANEPISTIMIO KRITIS (EL),"language,biodiv",https://cordis.europa.eu/project/id/101311557
6,PI-HELD GRANT - cold outreach to coordinator,SustainCARE,Climate-Conscious Conservation of Documentary Heritage: An Integrated Multiscale Modelling Approach,HORIZON-ERC,2026-02-01,2031-01-31,2265860,UNIVERSITAT FUR ANGEWANDTE KUNST WIEN,AT,Wien,,https://ec.europa.eu/info/funding-tenders/opportunities/portal/screen/contact-form/project/999542321/101220359,0,,"media,biodiv",https://cordis.europa.eu/project/id/101220359
6,PI-HELD GRANT - cold outreach to coordinator,AGRINEXT,Next-Generation Skills and Knowledge Ecosystems for Competitive and Sustainable Farming,HORIZON-RIA,2026-10-01,2031-03-31,"7887949,6",GEOPONIKO PANEPISTIMION ATHINON,EL,ATHINA,http://www.aua.gr,https://ec.europa.eu/info/funding-tenders/opportunities/portal/screen/contact-form/project/999872218/101295606,20,"WHITE RESEARCH SRL (BE) | POLITISTIKI KLIRONOMIA EREVNA KAINOTOMIA KAI VIOSIMI ANAPTYXI MONOPROSOPI IKE (EL) | AGENZIA PER LA PROMOZIONE DELLA RICERCA EUROPEA (IT) | AGRICULTURAL APPLICATIONS IKE (EL) | BIOECONOMY CLUSTER (SK) | EUROPEAN RURAL DEVELOPMENT NETWORK (PL) | Czech Organics, s.r.o. (CZ) | OZYEGIN UNIVERSITESI (TR) | INNOVARUM SL (ES) | ETRA INVESTIGACION Y DESARROLLO SA (ES) | UNIVERSITY COLLEGE DUBLIN, NATIONAL UNIVERSITY OF IRELAND, DUBLIN (IE) | ETHNIKO KENTRO EREVNAS KAI TECHNOLOGIKIS ANAPTYXIS (EL) | MSCOMM ANONYMI ETAIREIA DIAFIMISTIKON EMPORIKON YPIRESION (EL) | EIGEN VERMOGEN VAN HET INSTITUUT VOOR LANDBOUW- EN VISSERIJONDERZOEK (BE) | LAND MANAGEMENT INSTITUTE OF THE NATIONAL ACADEMY OF AGRARIAN SCIENCES OF UKRAINE (UA) | ODYC (BE) | AGRODIATROFIKI SYMPRAXI PERIFEREIAS THESSALIAS A.M.K.E. (EL) | INSTITUT ZNALOSTNEHO PODOHOSPODARSTVA A INOVACII (SK) | MREZHA ZA RURALEN RAZVOJ NA SEVERNA MAKEDONIJA (MK) | CATALINK LIMITED (CY)","language,biodiv",https://cordis.europa.eu/project/id/101295606
5,"POSTDOC FELLOWSHIP - requires PhD already, not applicable pre-PhD",Nano-LYTAC,Nanotherapeutic platform for lysosomal targeted technology,HORIZON-TMA-MSCA-PF-EF,2026-01-12,2028-01-11,"207758,16",UNIVERZITA PALACKEHO V OLOMOUCI,CZ,Olomouc,http://www.upol.cz,https://ec.europa.eu/info/funding-tenders/opportunities/portal/screen/contact-form/project/999649506/101211450,1,UNIVERZITA KARLOVA (CZ),trade,https://cordis.europa.eu/project/id/101211450
5,PI-HELD GRANT - cold outreach to coordinator,DETOXPEST,Towards increased biosafety for non-target insects - Damage-activated proteolysis to selectively enhance toxicity of pesticides,HORIZON-ERC,2023-02-01,2028-01-31,1999720,SVERIGES LANTBRUKSUNIVERSITET,SE,Uppsala,http://www.slu.se,https://ec.europa.eu/info/funding-tenders/opportunities/portal/screen/contact-form/project/999887350/101044878,0,,trade,https://cordis.europa.eu/project/id/101044878
5,DOCTORAL NETWORK - structured PhD recruitment,NESTOR,Next generation high-speed optical networks for metro access,HORIZON-TMA-MSCA-DN,2024-02-01,2028-01-31,"2564510,4",INFINERA UNIPESSOAL LDA,PT,CARNAXIDE,,https://ec.europa.eu/info/funding-tenders/opportunities/portal/screen/contact-form/project/943750734/101119983,12,CORIANT R&D GMBH (DE) | POLITECNICO DI TORINO (IT) | UNIVERSITAT POLITECNICA DE CATALUNYA (ES) | TECHNISCHE UNIVERSITEIT EINDHOVEN (NL) | SCUOLA SUPERIORE DI STUDI UNIVERSITARI E DI PERFEZIONAMENTO S ANNA (IT) | ORANGE SA (FR) | BRITISH TELECOMMUNICATIONS PLC (UK) | SM OPTICS SRL (IT) | VPIPHOTONICS GMBH (DE) | Iscte - Instituto Universitário de Lisboa (PT) | ERICSSON TELECOMUNICAZIONI SPA (IT) | ASTON UNIVERSITY (UK),trade,https://cordis.europa.eu/project/id/101119983
5,PI-HELD GRANT - cold outreach to coordinator,TextaDNA,High-throughput oligonucleotide synthesis and NGS for Digital TEXT Storage And retrieval in DNA encapsulated nanofibers,HORIZON-EIC,2024-02-01,2028-01-31,2509125,ASOCIACION CENTRO DE INVESTIGACION COOPERATIVA EN NANOCIENCIAS CIC NANOGUNE,ES,San Sebastian,http://www.nanogune.eu,https://ec.europa.eu/info/funding-tenders/opportunities/portal/screen/contact-form/project/999473160/101115292,1,EUROFINS GENOMICS FOOD-ENVIRONMENT-WHITE BIOTECH PRODUCTS AND SERVICES GMBH (DE),culturomics,https://cordis.europa.eu/project/id/101115292
5,PI-HELD GRANT - cold outreach to coordinator,POMP,Polar Ocean Mitigation Potential,HORIZON-RIA,2024-02-01,2028-01-31,"4847238,27",AARHUS UNIVERSITET,DK,Aarhus C,http://www.au.dk,https://ec.europa.eu/info/funding-tenders/opportunities/portal/screen/contact-form/project/999997736/101136875,15,"AKVAPLAN NIVA AS (NO) | NORSK INSTITUTT FOR VANNFORSKNING STI (NO) | ALFRED-WEGENER-INSTITUT HELMHOLTZ-ZENTRUM FUR POLAR- UND MEERESFORSCHUNG (DE) | SYDDANSK UNIVERSITET (DK) | GRONLANDS NATURINSTITUT (GL) | SORBONNE UNIVERSITE (FR) | UNIVERSITETET I TROMSOE - NORGES ARKTISKE UNIVERSITET (NO) | STIFTELSEN NORSK INSTITUTT FOR NATURFORSKNING NINA (NO) | CENTRE NATIONAL DE LA RECHERCHE SCIENTIFIQUE CNRS (FR) | SCITATION - SCIENCE COMMUNICATION,UNIPESSOAL LDA (PT) | UNIVERSITE LAVAL (CA) | THE UNIVERSITY OF MANITOBA (CA) | UNIVERSITE DU QUEBEC A RIMOUSKI (CA) | UNITED KINGDOM RESEARCH AND INNOVATION (UK) | THE UNIVERSITY COURT OF THE UNIVERSITY OF ST ANDREWS (UK)","biodiv,spatial",https://cordis.europa.eu/project/id/101136875
5,PI-HELD GRANT - cold outreach to coordinator,MOSAIC,Joined-up land use strategies tackling climate change and biodiversity loss,HORIZON-RIA,2023-09-01,2028-02-29,6654885,VLAAMSE INSTELLING VOOR TECHNOLOGISCH ONDERZOEK N.V.,BE,Mol,http://www.vito.be,https://ec.europa.eu/info/funding-tenders/opportunities/portal/screen/contact-form/project/999645238/101081238,19,"KARLSRUHER INSTITUT FUER TECHNOLOGIE (DE) | ADRAL - AGENCIA DE DESENVOLVIMENTO REGIONAL DO ALENTEJO SA (PT) | UNIVERSITEIT VAN AMSTERDAM (NL) | OPPLA EEIG (NL) | VLAAMSE LANDMAATSCHAPPIJ (BE) | KOBENHAVNS UNIVERSITET (DK) | EUROSITE THE EUROPEAN LAND CONSERVATION NETWORK (NL) | INSTITUTO SUPERIOR DE AGRONOMIA (PT) | UNIVERSIDADE NOVA DE LISBOA (PT) | INSTITUT NATIONAL DE RECHERCHE POUR L'AGRICULTURE, L'ALIMENTATION ET L'ENVIRONNEMENT (FR) | EIGEN VERMOGEN VAN HET INSTITUUT VOOR LANDBOUW- EN VISSERIJONDERZOEK (BE) | ESSRG NONPROFIT KFT (HU) | EUROPEAN LANDOWNERS ORGANIZATION (BE) | EIGEN VERMOGEN VAN HET INSTITUUT VOOR NATUUR- EN BOSONDERZOEK (BE) | WWF VILAG TERMESZETI ALAP MAGYARORSZAG ALAPITVANY (HU) | DEN DANSKE KLIMASKOVFOND (DK) | EIDGENOESSISCHE TECHNISCHE HOCHSCHULE ZUERICH (CH) | EIDGENOSSISCHE FORSCHUNGSANSTALT WSL (CH) | THE UNIVERSITY OF EDINBURGH (UK)","biodiv,spatial",https://cordis.europa.eu/project/id/101081238
5,PI-HELD GRANT - cold outreach to coordinator,i-RASE,Intelligent Radiation Sensor Readout System​,HORIZON-EIC,2024-03-01,2028-02-29,"3342833,75",DANMARKS TEKNISKE UNIVERSITET,DK,Kongens Lyngby,http://www.dtu.dk,https://ec.europa.eu/info/funding-tenders/opportunities/portal/screen/contact-form/project/999990655/101130550,4,EBERHARD KARLS UNIVERSITAET TUEBINGEN (DE) | INTEGRATED DETECTOR ELECTRONICS AS (NO) | POLITECNICO DI MILANO (IT) | KROMEK LIMITED (UK),culturomics,https://cordis.europa.eu/project/id/101130550
5,PI-HELD GRANT - cold outreach to coordinator,EXCITE2,Enhanced X(cross)-disciplinary Community-driven Imaging Technologies for Earth and Environmental material research,HORIZON-RIA,2024-04-01,2028-03-31,"14360285,75",UNIVERSITEIT UTRECHT,NL,Utrecht,http://www.uu.nl,https://ec.europa.eu/info/funding-tenders/opportunities/portal/screen/contact-form/project/999985805/101131765,21,UNIVERSITEIT GENT (BE) | HELMHOLTZ-ZENTRUM DRESDEN-ROSSENDORF EV (DE) | GFZ HELMHOLTZ-ZENTRUM FUR GEOFORSCHUNG (DE) | UNIVERSIDAD DE GRANADA (ES) | CENTRE NATIONAL DE LA RECHERCHE SCIENTIFIQUE CNRS (FR) | UNIVERSITETET I OSLO (NO) | UNIVERSIDADE DO PORTO (PT) | THE CHANCELLOR MASTERS AND SCHOLARS OF THE UNIVERSITY OF CAMBRIDGE (UK) | TECHNISCHE UNIVERSITAET BERGAKADEMIE FREIBERG (DE) | UNIVERSITE DE PAU ET DES PAYS DE L'ADOUR (FR) | ISTITUTO NAZIONALE DI GEOFISICA E VULCANOLOGIA (IT) | TECHNISCHE UNIVERSITEIT DELFT (NL) | NORGES TEKNISK-NATURVITENSKAPELIGE UNIVERSITET NTNU (NO) | THE UNIVERSITY OF EDINBURGH (UK) | VYSOKE UCENI TECHNICKE V BRNE (CZ) | CURTIN UNIVERSITY (AU) | RHEINISCH-WESTFAELISCHE TECHNISCHE HOCHSCHULE AACHEN (DE) | PANNON EGYETEM (HU) | JYVASKYLAN YLIOPISTO (FI) | ZAVOD ZA GRADBENISTVO SLOVENIJE (SI) | UNIVERSITAET BREMEN (DE),culturomics,https://cordis.europa.eu/project/id/101131765
5,"POSTDOC FELLOWSHIP - requires PhD already, not applicable pre-PhD",ProNanovoVax,Protein nanocage-scaffolded proteoliposomes: de novo design of a platform for bacterial vaccines,HORIZON-TMA-MSCA-PF-EF,2026-04-01,2028-03-31,200400,VIB VZW,BE,ZWIJNAARDE - GENT,http://www.vib.be,https://ec.europa.eu/info/funding-tenders/opportunities/portal/screen/contact-form/project/999651931/101204200,0,,trade,https://cordis.europa.eu/project/id/101204200
5,"POSTDOC FELLOWSHIP - requires PhD already, not applicable pre-PhD",SCITIZEN,Science with citizens,HORIZON-TMA-MSCA-PF-GF,2025-04-01,2028-03-31,"333129,36",UNIVERSITAT DE VALENCIA,ES,Valencia,http://www.uv.es,https://ec.europa.eu/info/funding-tenders/opportunities/portal/screen/contact-form/project/999953019/101198735,2,THE AUSTRALIAN NATIONAL UNIVERSITY (AU) | PRESIDENT AND FELLOWS OF HARVARD COLLEGE (US),culturomics,https://cordis.europa.eu/project/id/101198735
5,PI-HELD GRANT - cold outreach to coordinator,URBAN PROSUMERS,URBAN PROSUMERS – towards a knowledge transfer hub for empowering citizens as producers and consumers of sustainable solutions to climate-neutrality,HORIZON-RIA,2025-10-01,2028-03-31,"1999847,25",TAMPEREEN KORKEAKOULUSAATIO SR,FI,TAMPERE,http://www.tuni.fi,https://ec.europa.eu/info/funding-tenders/opportunities/portal/screen/contact-form/project/902999288/101216923,4,TAMPEREEN AMMATTIKORKEAKOULU OY (FI) | EKOKUMPPANIT OY (FI) | TAMPEREEN KAUPUNKI (FI) | FCG FINNISH CONSULTING GROUP OY (FI),culturomics,https://cordis.europa.eu/project/id/101216923
5,"POSTDOC FELLOWSHIP - requires PhD already, not applicable pre-PhD",H1N1-BAM-PD,Elucidating how infection shapes neurodegenerative disease at the brain border,HORIZON-TMA-MSCA-PF-EF,2026-04-01,2028-03-31,200400,VIB VZW,BE,ZWIJNAARDE - GENT,http://www.vib.be,https://ec.europa.eu/info/funding-tenders/opportunities/portal/screen/contact-form/project/999651931/101283223,0,,trade,https://cordis.europa.eu/project/id/101283223
5,PI-HELD GRANT - cold outreach to coordinator,BIOCOMP,Consequences of global biodiversity loss and climate change for decomposer communities and implications for forest carbon fluxes,HORIZON-ERC,2023-05-01,2028-04-30,1499830,UNIVERSITAET ULM,DE,Ulm,http://www.uni-ulm.de,https://ec.europa.eu/info/funding-tenders/opportunities/portal/screen/contact-form/project/999882209/101075426,1,TECHNISCHE UNIVERSITAET DRESDEN (DE),"biodiv,spatial",https://cordis.europa.eu/project/id/101075426
5,PI-HELD GRANT - cold outreach to coordinator,CNS Hidden Door,Uncovering molecular and cellular mechanisms of immune cell trafficking across the blood-CSF barrier in autoimmunity,HORIZON-ERC,2023-05-01,2028-04-30,2412448,THE HEBREW UNIVERSITY OF JERUSALEM,IL,Jerusalem,http://www.huji.ac.il,https://ec.europa.eu/info/funding-tenders/opportunities/portal/screen/contact-form/project/999975038/101088881,0,,trade,https://cordis.europa.eu/project/id/101088881
5,PI-HELD GRANT - cold outreach to coordinator,U_CAN,Ukraine towards Carbon Neutrality,HORIZON-CSA,2024-05-01,2028-04-30,4999375,TECHNISCHE UNIVERSITAET DRESDEN,DE,DRESDEN,http://tu-dresden.de,https://ec.europa.eu/info/funding-tenders/opportunities/portal/screen/contact-form/project/999897729/101148374,20,"LANDESHAUPTSTADT DRESDEN (DE) | VEREIN DER EUROPAISCHEN BURGEWISSENSCHAFTEN - ECSA EV (DE) | DIN DEUTSCHES INSTITUT FUER NORMUNG EV (DE) | VYSKUMNE CENTRUM SLOVENSKEJ SPOLOCNOSTI PRE ZAHRANICNU POLITIKU NO (SK) | ENVIROPLAN MELETITIKI -SYMVOULOI ANAPTYKSIAKON & TEXNIKON ERGON ANONYMI ETAIREIA (EL) | FUNDACJA PARTNERSTWA TECHNOLOGICZNEGO TECHNOLOGY PARTNERS (PL) | POLITECHNIKA WROCLAWSKA (PL) | AARHUS UNIVERSITET (DK) | UNIVERSITA DEGLI STUDI DELL'AQUILA (IT) | JOANNEUM RESEARCH FORSCHUNGSGESELLSCHAFT MBH (AT) | NON-GOVERNMENTAL ORGANIZATION  BUREAU OF RESEARCH, INNOVATIONS  AND TECHNOLOGIES (UA) | O.M. BEKETOV NATIONAL UNIVERSITY OF URBAN ECONOMY IN KHARKIV (UA) | NATIONAL TECHNICAL UNIVERSITY OF UKRAINE IGOR SIKORSKY KYIV POLYTECHNIC INSTITUTE (UA) | HROMADSKA ORHANIZATSIYA KLUB MERIV (UA) | MUNICIPAL INSTITUTION CITY INSTITUTE (UA) | KOMUNALNA USTANOVA AGENTSIYA ROZVYTKU MISTA ZHYTOMYRSKOYI MISKOYI RADY (UA) | KHMELNITSKY NATIONAL UNIVERSITY (UA) | LEONID YUZKOV KHMELNITSKYI UNIVERSITY OF MANAGEMENT AND LAW (UA) | MUNICIPAL ENTERPRISE INSTITUTE OF URBAN DEVELOPMENT (UA) | PUBLIC ORGANIZATION REGIONAL CENTER OF SUSTAINABLE DEVELOPMENT (UA)",culturomics,https://cordis.europa.eu/project/id/101148374
5,"POSTDOC FELLOWSHIP - requires PhD already, not applicable pre-PhD",NARCOPOLITICS,Drug Trafficking and Politics: Structuring and Adaptation of Organized Crime in Bolivia's Last Authoritarian Decade (1971-1982),HORIZON-TMA-MSCA-PF-GF,2025-06-01,2028-04-30,"384484,02",UNIVERSITA CA' FOSCARI  VENEZIA,IT,VENEZIA,http://www.unive.it,https://ec.europa.eu/info/funding-tenders/opportunities/portal/screen/contact-form/project/999897341/101204304,2,UNIVERSITY OF PITTSBURGH (US) | UNIVERSIDAD MAYOR DE SAN ANDRES (BO),trade,https://cordis.europa.eu/project/id/101204304
5,"POSTDOC FELLOWSHIP - requires PhD already, not applicable pre-PhD",mRNAsthma,Harnessing the potential of mRNA vaccination as a therapeutic strategy for asthma,HORIZON-TMA-MSCA-PF-EF,2026-05-01,2028-04-30,200400,VIB VZW,BE,ZWIJNAARDE - GENT,http://www.vib.be,https://ec.europa.eu/info/funding-tenders/opportunities/portal/screen/contact-form/project/999651931/101275350,0,,trade,https://cordis.europa.eu/project/id/101275350
5,PI-HELD GRANT - cold outreach to coordinator,OBGate,Creating an orthogonal gate to the brain,HORIZON-ERC,2023-06-01,2028-05-31,1499136,INSTITUT QUIMIC DE SARRIA,ES,Barcelona,http://www.iqs.edu,https://ec.europa.eu/info/funding-tenders/opportunities/portal/screen/contact-form/project/998625865/101077370,0,,trade,https://cordis.europa.eu/project/id/101077370
5,PI-HELD GRANT - cold outreach to coordinator,SOB4ES,Integrating SOil Biodiversity to Ecosystem Services: testing cost-effectiveness of Soil Biodiversity indicators and the provision of soil biodiversity-based Ecosystem Services to build better land management solutions that effectively implement the,HORIZON-RIA,2023-06-01,2028-05-31,"7213228,75",UNIVERSIDAD DE VIGO,ES,VIGO PONTEVEDRA,http://www.uvigo.es,https://ec.europa.eu/info/funding-tenders/opportunities/portal/screen/contact-form/project/999630494/101112831,18,"INSTITUT NATIONAL DE RECHERCHE POUR L'AGRICULTURE, L'ALIMENTATION ET L'ENVIRONNEMENT (FR) | KONINKLIJKE NEDERLANDSE AKADEMIE VAN WETENSCHAPPEN - KNAW (NL) | UNIVERSITY COLLEGE DUBLIN, NATIONAL UNIVERSITY OF IRELAND, DUBLIN (IE) | UNIVERSITA DEGLI STUDI DI CATANIA (IT) | KATHOLIEKE UNIVERSITEIT LEUVEN (BE) | UNIVERZITA KARLOVA (CZ) | THE AGRICULTURAL RESEARCH ORGANISATION OF ISRAEL - THE VOLCANI CENTRE (IL) | INSTITUTUL DE BIOLOGIE BUCURESTI (RO) | UNIVERZA V LJUBLJANI (SI) | UNIVERSITAT ZU KOLN (DE) | ARISTOTELIO PANEPISTIMIO THESSALONIKIS (EL) | SVERIGES LANTBRUKSUNIVERSITET (SE) | UNIVERSITEIT GENT (BE) | EURICE EUROPEAN RESEARCH AND PROJECT OFFICE GMBH (DE) | MEL FINCA ORGANICA S. COOP. GALEGA (ES) | AIRFIELD ESTATE (IE) | EIDGENOSSISCHE FORSCHUNGSANSTALT WSL (CH) | HARPER ADAMS UNIVERSITY (UK)","biodiv,spatial",https://cordis.europa.eu/project/id/101112831
5,PI-HELD GRANT - cold outreach to coordinator,FERRO,"FOSTERING EUROPEAN LAKES RESTORATION BY NUTRIENT REMOVAL, RECOVERY, AND REUSE: INTEGRATED CATCHMENT AND IN-LAKE SCALE APPROACH",HORIZON-IA,2024-06-01,2028-05-31,"3998450,25",HELMHOLTZ-ZENTRUM FUR UMWELTFORSCHUNG GMBH - UFZ,DE,LEIPZIG,http://www.ufz.de,https://ec.europa.eu/info/funding-tenders/opportunities/portal/screen/contact-form/project/999994632/101157743,6,SYDDANSK UNIVERSITET (DK) | HELSINGIN YLIOPISTO (FI) | BIOLOGICKE CENTRUM AV CR VVI (CZ) | BROCKMANN GEOMATICS SWEDEN AB (SE) | BROCKMANN CONSULT GMBH (DE) | PENSOFT PUBLISHERS (BG),"biodiv,spatial",https://cordis.europa.eu/project/id/101157743
5,"POSTDOC FELLOWSHIP - requires PhD already, not applicable pre-PhD",MIND,MINDing the brain: IRGQ as a molecular switch between degradative and secretory autophagy in membrane quality control and neuroinflammation,HORIZON-TMA-MSCA-PF-EF,2026-06-01,2028-05-31,"202125,12",JOHANN WOLFGANG GOETHE-UNIVERSITAET FRANKFURT AM MAIN,DE,FRANKFURT AM MAIN,http://www.uni-frankfurt.de,https://ec.europa.eu/info/funding-tenders/opportunities/portal/screen/contact-form/project/999978724/101273172,1,UNIVERSITAETSMEDIZIN DER JOHANNES GUTENBERG-UNIVERSITAET MAINZ (DE),trade,https://cordis.europa.eu/project/id/101273172
5,PI-HELD GRANT - cold outreach to coordinator,BBGNight-TR,"Science & Future Night: Engaging Researchers and Citizens in Climate, Health and Digital Transitions in Türkiye",HORIZON-CSA,2026-06-01,2028-05-31,279311,YILDIZ TECHNICAL UNIVERSITY,TR,Istanbul,https://www.yildiz.edu.tr,https://ec.europa.eu/info/funding-tenders/opportunities/portal/screen/contact-form/project/997203651/101302215,3,ISTANBUL TEKNIK UNIVERSITESI (TR) | MINISTRY OF NATIONAL EDUCATION (TR) | GAZI UNIVERSITESI (TR),culturomics,https://cordis.europa.eu/project/id/101302215
5,PI-HELD GRANT - cold outreach to coordinator,Science4Everyone,Science Comes to Town: Bringing Science Closer to Citizens - Science4Everyone,HORIZON-CSA,2026-05-01,2028-05-31,"5999261,25",AGENZIA PER LA PROMOZIONE DELLA RICERCA EUROPEA,IT,Roma,http://www.apre.it,https://ec.europa.eu/info/funding-tenders/opportunities/portal/screen/contact-form/project/999514191/101292372,14,"AHMED SHAEEMA ZAMAN (DK) | AARHUS KOMMUNE (DK) | ASSOCIAZIONE FESTIVAL DELLA SCIENZA (IT) | COMUNE DI GENOVA (IT) | FAST - FEDERAZIONE DELLE ASSOCIAZIONI SCIENTIFICHE E TECNICHE (IT) | KAUNO TECHNOLOGIJOS UNIVERSITETAS (LT) | KAUNO MIESTO SAVIVALDYBES ADMINISTRACIJA (LT) | MOKSLO IR INOVACIJU SKLAIDOS CENTRAS (LT) | UNIVERSIDADE NOVA DE LISBOA (PT) | MUNICIPIO DE OEIRAS (PT) | SCIENCE FOR CHANGE, SL (ES) | GLOBAZ, S.A. (PT) | ZENTRUM FUR SOZIALE INNOVATION GMBH (AT) | EUREC OFFICE GUG (DE)",culturomics,https://cordis.europa.eu/project/id/101292372
5,PI-HELD GRANT - cold outreach to coordinator,ROOTS,"ROOTS AND RECIPES: THE SCIENCE OF FOOD, IDENTITY AND BELONGING",HORIZON-CSA,2026-06-01,2028-05-31,349890,MUSEE ROYAL DE L'AFRIQUE CENTRALE,BE,Tervuren,http://www.africamuseum.be,https://ec.europa.eu/info/funding-tenders/opportunities/portal/screen/contact-form/project/999494403/101305260,4,KATHOLIEKE UNIVERSITEIT LEUVEN (BE) | AGENTSCHAP PLANTENTUIN MEISE (BE) | THE FOOD BRIDGE (BE) | Roger Van Overstraeten Society (BE),culturomics,https://cordis.europa.eu/project/id/101305260
5,PI-HELD GRANT - cold outreach to coordinator,MECHANOJAS,Unravelling biophysical signals governing phytohormone production and plant acclimation,HORIZON-ERC,2023-07-01,2028-06-30,1984565,LEIBNIZ-INSTITUT FUR PFLANZENBIOCHEMIE,DE,Halle,https://www.ipb-halle.de,https://ec.europa.eu/info/funding-tenders/opportunities/portal/screen/contact-form/project/997593688/101088876,0,,trade,https://cordis.europa.eu/project/id/101088876
5,PI-HELD GRANT - cold outreach to coordinator,CarboCell,Vesicular mechanisms of carbon fixation in calcifying cells of marine animals,HORIZON-ERC,2023-07-01,2028-06-30,2000000,CHRISTIAN-ALBRECHTS-UNIVERSITAET  ZU KIEL,DE,Kiel,http://www.uni-kiel.de,https://ec.europa.eu/info/funding-tenders/opportunities/portal/screen/contact-form/project/999839529/101085894,0,,trade,https://cordis.europa.eu/project/id/101085894
5,PI-HELD GRANT - cold outreach to coordinator,FOODMISSION,Engaging citizens as agents of change for sustainable food system transition with a novel gamified educational citizen science platform,HORIZON-RIA,2025-01-01,2028-06-30,"4997966,25",HOGSKULEN PA VESTLANDET,NO,Bergen,,https://ec.europa.eu/info/funding-tenders/opportunities/portal/screen/contact-form/project/916768923/101181774,9,REEDU GMBH & CO. KG (DE) | PANEPISTIMIO THESSALIAS (EL) | INSTITOUTO EREVNAS LIANEMPORIOU KATANALOTIKON AGATHON (I.E.L.K.A.) (EL) | SPHERICAL PIXEL S.L. (ES) | UNIVERSITA DEGLI STUDI DI VERONA (IT) | ADICONSUM ASSOCIAZIONE DIFESA CONSUMATORI APS (IT) | ERASMUS UNIVERSITEIT ROTTERDAM (NL) | STOWARZYSZENIE CENTRUM ROZWIAZAN SYSTEMOWYCH (PL) | GOSPODARSKA ZBORNICA SLOVENIJE (SI),culturomics,https://cordis.europa.eu/project/id/101181774
5,PI-HELD GRANT - cold outreach to coordinator,OneSTOP,"OneBiosecurity Systems and Technology for People, Places and Pathways",HORIZON-IA,2025-01-01,2028-06-30,5999990,AGENTSCHAP PLANTENTUIN MEISE,BE,Meise,,https://ec.europa.eu/info/funding-tenders/opportunities/portal/screen/contact-form/project/935884325/101180559,20,"AARHUS UNIVERSITET (DK) | UK CENTRE FOR ECOLOGY & HYDROLOGY (UK) | ASSOCIACAO BIOPOLIS (PT) | COVENTRY UNIVERSITY (UK) | THE CYPRUS INSTITUTE (CY) | EIGEN VERMOGEN VAN HET INSTITUUT VOOR NATUUR- EN BOSONDERZOEK (BE) | BOTANICKY USTAV AV CR, V.V.I. (CZ) | LINCOLN UNIVERSITY (NZ) | PLATFORM KINETICS LIMITED (UK) | PENSOFT PUBLISHERS (BG) | STELLENBOSCH UNIVERSITY (ZA) | THE UNIVERSITY OF EXETER (UK) | UNIVERSITAT WIEN (AT) | GREENFORMATION KFT (HU) | HELMHOLTZ-ZENTRUM FUR UMWELTFORSCHUNG GMBH - UFZ (DE) | UNIVERSITATEA OVIDIUS DIN CONSTANTA (RO) | LUONNONVARAKESKUS (FI) | NNIT (BE) | AGENCIA ESTATAL CONSEJO SUPERIOR DE INVESTIGACIONES CIENTIFICAS (ES) | JRC -JOINT RESEARCH CENTRE- EUROPEAN COMMISSION (BE)",culturomics,https://cordis.europa.eu/project/id/101180559
5,"POSTDOC FELLOWSHIP - requires PhD already, not applicable pre-PhD",CryoLipNano,Revealing the RNA-LNP ultrastructure and subcellular trafficking using advanced Cryo-electron microscopy and proteomics,HORIZON-TMA-MSCA-PF-EF,2026-01-01,2028-06-30,"197263,68",ETHNIKO IDRYMA EREVNON,EL,ATHINA,http://www.eie.gr,https://ec.europa.eu/info/funding-tenders/opportunities/portal/screen/contact-form/project/999479853/101200187,0,,trade,https://cordis.europa.eu/project/id/101200187
5,"POSTDOC FELLOWSHIP - requires PhD already, not applicable pre-PhD",UrbanPACE,Urban Phenology and Anthropogenic Climate Effects: getting the timing right in a warmer and more urban world,HORIZON-TMA-MSCA-PF-EF,2026-07-01,2028-06-30,"260347,92",THE UNIVERSITY OF EDINBURGH,UK,Edinburgh,http://www.ed.ac.uk/home,https://ec.europa.eu/info/funding-tenders/opportunities/portal/screen/contact-form/project/999974941/101204042,0,,culturomics,https://cordis.europa.eu/project/id/101204042
5,"POSTDOC FELLOWSHIP - requires PhD already, not applicable pre-PhD",ECOLE,Electrical control of picoCavity enhanced mOlecule-Light intEractions,HORIZON-TMA-MSCA-PF-GF,2025-07-01,2028-06-30,"416941,44",JULIUS-MAXIMILIANS-UNIVERSITAT WURZBURG,DE,Wuerzburg,http://www.uni-wuerzburg.de,https://ec.europa.eu/info/funding-tenders/opportunities/portal/screen/contact-form/project/999853206/101208745,1,ECOLE POLYTECHNIQUE FEDERALE DE LAUSANNE (CH),trade,https://cordis.europa.eu/project/id/101208745
5,PI-HELD GRANT - cold outreach to coordinator,OptiDye,OptiDye Control – Smart Optical Sensor For Water and Energy Efficiency,HORIZON-CSA,2026-07-01,2028-06-30,"335738,49",ENMOS ENDUSTRIYEL OTOMASYON ELEKTRONIK IMALAT SANAYI TICARET ANONIM SIRKET,TR,ISTANBUL,,https://ec.europa.eu/info/funding-tenders/opportunities/portal/screen/contact-form/project/868031467/101310088,0,,culturomics,https://cordis.europa.eu/project/id/101310088
5,"POSTDOC FELLOWSHIP - requires PhD already, not applicable pre-PhD",ICEVEC,The Socio-Economic Impacts of the Little Ice Age on Venice and Venetian Crete Between 1453-1571,HORIZON-TMA-MSCA-PF-EF,2026-07-15,2028-07-14,"209483,28",UNIVERSITA CA' FOSCARI  VENEZIA,IT,Venezia,http://www.unive.it,https://ec.europa.eu/info/funding-tenders/opportunities/portal/screen/contact-form/project/999897341/101268916,0,,culturomics,https://cordis.europa.eu/project/id/101268916
5,"POSTDOC FELLOWSHIP - requires PhD already, not applicable pre-PhD",VASPRINT,Designing Vascular Geometries in 3D Bioprinted Models for Immuno-oncology,HORIZON-TMA-MSCA-PF-GF,2025-08-01,2028-07-31,"430343,4",UNIVERSITY COLLEGE LONDON,UK,LONDON,http://www.ucl.ac.uk,https://ec.europa.eu/info/funding-tenders/opportunities/portal/screen/contact-form/project/999975620/101202508,1,PRESIDENT AND FELLOWS OF HARVARD COLLEGE (US),trade,https://cordis.europa.eu/project/id/101202508
5,"POSTDOC FELLOWSHIP - requires PhD already, not applicable pre-PhD",Gendered_Borders,Gendered Borders: Exploring Migrant Women’s Experiences of Boat Crossings to the UK,HORIZON-TMA-MSCA-PF-EF,2026-08-01,2028-07-31,"307958,88",UNIVERSITAET BERN,CH,BERN,http://www.unibe.ch,https://ec.europa.eu/info/funding-tenders/opportunities/portal/screen/contact-form/project/999976493/101269787,0,,trade,https://cordis.europa.eu/project/id/101269787
5,"POSTDOC FELLOWSHIP - requires PhD already, not applicable pre-PhD",ORNISCOPE,Quantifying avian pest control: developing the Functional Insectivory Index through a modular multisensory network for monitoring of bird predation,HORIZON-TMA-MSCA-PF-EF,2026-08-01,2028-07-31,"207758,16",JIHOCESKA UNIVERZITA V CESKYCH BUDEJOVICICH,CZ,CESKE BUDEJOVICE,http://www.jcu.cz,https://ec.europa.eu/info/funding-tenders/opportunities/portal/screen/contact-form/project/999876292/101264350,1,"INSTITUT NATIONAL DE RECHERCHE POUR L'AGRICULTURE, L'ALIMENTATION ET L'ENVIRONNEMENT (FR)",trade,https://cordis.europa.eu/project/id/101264350
5,PI-HELD GRANT - cold outreach to coordinator,CloudCT,Climate CT- Cloud Tomography by Satellites for Better Climate Prediction,ERC-SyG,2019-08-01,2028-07-31,13878593,TECHNION - ISRAEL INSTITUTE OF TECHNOLOGY,IL,Haifa,http://www.technion.ac.il,https://ec.europa.eu/info/funding-tenders/opportunities/portal/screen/contact-form/project/999907720/810370,2,ZENTRUM FUR TELEMATIK EV (DE) | WEIZMANN INSTITUTE OF SCIENCE (IL),"biodiv,spatial",https://cordis.europa.eu/project/id/810370
5,PI-HELD GRANT - cold outreach to coordinator,ENFORCE,Empower citizeNs to join Forces with public authORities in proteCting the Environment,HORIZON-RIA,2024-09-01,2028-08-31,"6365498,75",GAC,FR,ISSY LES MOULINEAUX,,https://ec.europa.eu/info/funding-tenders/opportunities/portal/screen/contact-form/project/903166225/101134447,26,AGENCIA ESTATAL CONSEJO SUPERIOR DE INVESTIGACIONES CIENTIFICAS (ES) | UNIVERSITAET BIELEFELD (DE) | PANEPISTIMIO KRITIS (EL) | UNIVERSITEIT HASSELT (BE) | INTERNATIONALES INSTITUT FUER ANGEWANDTE SYSTEMANALYSE (AT) | 52 NORTH SPATIAL INFORMATION RESEARCH GMBH (DE) | INSTITUTUL NATIONAL DE CERCETARE DEZVOLTARE IN SILVICULTURA MARIN DRACEA (RO) | SINGULARLOGIC PLIROFORIAKON SYSTIMATON KAI EFARMOGON PLIROFORIKIS (EL) | IDC CEMA SRO (CZ) | IDC ITALIA SRL (IT) | EVISIGHTS B.V. (NL) | KOINONIKI SYNETAIRISTIKI EPICHEIRISI SYLLOGIKIS KAI KOINONIKIS OFELEIAS AMARANTHUS (EL) | BUSINESS DEVELOPMENT GROUP SRL (RO) | EUROPEAN NETWORK OF LIVING LABS IVZW (BE) | EUROPEAN ASSOCIATION OF REMOTE SENSING COMPANIES (BE) | VEREIN DER EUROPAISCHEN BURGEWISSENSCHAFTEN - ECSA EV (DE) | A SUD ECOLOGIA E COOPERAZIONE APS (IT) | DIKIGORIKOS SYLLOGOS IRAKLEIOU (EL) | CENTRO INTERNAZIONALE DI ALTISTUDI AGRONOMICI MEDITERRANEI (IT) | ENRICH GLOBAL (FR) | STICHTING WAAG SOCIETY (NL) | BARCELONA CICLE DE L'AIGUA SA (ES) | DIGITAL FOR PLANET-D4P (CH) | THE UNIVERSITY OF EXETER (UK) | WESTCOUNTRY RIVERS TRUST LBG (UK) | PANEPISTIMIO THESSALIAS (EL),culturomics,https://cordis.europa.eu/project/id/101134447
5,PI-HELD GRANT - cold outreach to coordinator,OptiForValue,Optimising forest operations for sustainable forest management and high-value applications,HORIZON-JU-RIA,2024-09-01,2028-08-31,"4997361,25",LUONNONVARAKESKUS,FI,Helsinki,http://www.luke.fi,https://ec.europa.eu/info/funding-tenders/opportunities/portal/screen/contact-form/project/934887262/101157658,16,LINNEUNIVERSITETET (SE) | AGENCIA ESTATAL CONSEJO SUPERIOR DE INVESTIGACIONES CIENTIFICAS (ES) | SVERIGES LANTBRUKSUNIVERSITET (SE) | ERNST AND YOUNG DENKSTATT EOOD (BG) | ERINN INNOVATION LIMITED (IE) | UNIVERSITAET FUER BODENKULTUR WIEN (AT) | KOMPETENZZENTRUM HOLZ GMBH (AT) | FUNDACION CENTRO DE SERVICIOS Y PROMOCION FORESTAL Y DE SU INDUSTRIA DE CASTILLA Y LEON (ES) | STIFTELSEN SKOGSBRUKETS FORSKNINGSINSTITUT - SKOGFORSK (SE) | CREATIVE OPTIMIZATION SWEDEN AB (SE) | HELSINGIN YLIOPISTO (FI) | TECHNISCHE UNIVERSITAET MUENCHEN (DE) | PONSSE OYJ (FI) | FINNOS OY (FI) | OY ARBONAUT LTD (FI) | METSATEHO OY (FI),"biodiv,spatial",https://cordis.europa.eu/project/id/101157658
5,PI-HELD GRANT - cold outreach to coordinator,MONALISA,MONitoring and Assessing prevention and restoration soLutIons to combat deSertificAtion,HORIZON-IA,2024-09-01,2028-08-31,"6991831,25",UNIVERSITA DEGLI STUDI DI SASSARI,IT,SASSARI,http://www.uniss.it,https://ec.europa.eu/info/funding-tenders/opportunities/portal/screen/contact-form/project/999465594/101157867,23,UNIVERSITA DEGLI STUDI DI ROMA LA SAPIENZA (IT) | PANEPISTIMIO KRITIS (EL) | CENTRO DE INVESTIGACION ECOLOGICA Y APLICACIONES FORESTALES (ES) | HELLENIC SOCIETY FOR THE PROTECTION OF NATURE (EL) | ETHNIKO KENTRO EREVNAS KAI TECHNOLOGIKIS ANAPTYXIS (EL) | ISTITUTO SUPERIORE PER LA PROTEZIONE E LA RICERCA AMBIENTALE (IT) | CONSIGLIO NAZIONALE DELLE RICERCHE (IT) | INSTITUT DES REGIONS ARIDES (TN) | COMMISSARIAT REGIONAL AU DEVELOPPEMENT AGRICOLE DE MEDENINE (TN) | CENTRE INTERNATIONAL DE HAUTES ETUDES AGRONOMIQUES MEDITERRANEENNES (FR) | AGRICOLUS AGRITECH SPAIN SL (ES) | FONDAZIONE MEDES (IT) | WE WORLD-GVC ENTE DEL TERZO SETTORE IN BREVE WE WORLD ETS (IT) | AARHUS UNIVERSITET (DK) | ASOCIACION ADROCHES PARA EL DESARROLLO RURAL DE LA COMARCA DE LOS PEDROCHES (ES) | UNIVERSITATEA DIN BUCURESTI (RO) | INOSENS DOO NOVI SAD (RS) | COOPERATIVA PRODUTTORI ARBOREA - SOCIETA AGRICOLA (IT) | ENTE PARCO NAZIONALE ALTA MURGIA (IT) | RESEAU POUR LA RECHERCHE INTERNATIONALE SUR LA DESERTIFICATION (FR) | UNIVERSITAT BASEL (CH) | UNIVERSITE DE GENEVE (CH) | AGRICOLUS S.R.L. (IT),"biodiv,spatial",https://cordis.europa.eu/project/id/101157867
5,"POSTDOC FELLOWSHIP - requires PhD already, not applicable pre-PhD",MechanoSecret,Exploring the Mechanobiology of the Secretory pathway across scales,HORIZON-TMA-MSCA-PF-EF,2026-09-01,2028-08-31,"194074,56",FUNDACIO INSTITUT DE CIENCIES FOTONIQUES,ES,Castelldefels,http://www.icfo.eu,https://ec.europa.eu/info/funding-tenders/opportunities/portal/screen/contact-form/project/999619436/101205472,0,,trade,https://cordis.europa.eu/project/id/101205472
5,"POSTDOC FELLOWSHIP - requires PhD already, not applicable pre-PhD",POND,Proglacial lake impacts on the export of Organic carbon and Nutrients to Downstream ecosystems,HORIZON-TMA-MSCA-PF-EF,2026-09-01,2028-08-31,"251578,56",UNIVERSITETET I TROMSOE - NORGES ARKTISKE UNIVERSITET,NO,Tromso,http://uit.no/,https://ec.europa.eu/info/funding-tenders/opportunities/portal/screen/contact-form/project/999874643/101205304,1,NORGES VASSDRAGS- OG ENERGIDIREKTORAT (NO),"biodiv,spatial",https://cordis.europa.eu/project/id/101205304
5,PI-HELD GRANT - cold outreach to coordinator,UNDERPIN,oUtcome iNDicators to mEasuRe Progress on climate resIlieNce,HORIZON-RIA,2025-09-01,2028-08-31,"2998937,5",ETABLISSEMENT D'ENSEIGNEMENT SUPERIEUR CONSULAIRE HAUTES ETUDES COMMERCIALES DE PARIS,FR,Jouy-En-Josas,https://www.hec.fr,https://ec.europa.eu/info/funding-tenders/opportunities/portal/screen/contact-form/project/948986115/101215153,8,FONDAZIONE CENTRO EURO-MEDITERRANEOSUI CAMBIAMENTI CLIMATICI (IT) | FUNDACION TECNALIA RESEARCH & INNOVATION (ES) | INTERNATIONALES INSTITUT FUER ANGEWANDTE SYSTEMANALYSE (AT) | STICHTING CLIMATE-KIC INTERNATIONAL FOUNDATION (NL) | ICLEI EUROPEAN SECRETARIAT GMBH (ICLEI EUROPASEKRETARIAT GMBH) (DE) | ADELPHI RESEARCH GEMEINNÜTZIGE GMBH (DE) | FRESH-THOUGHTS CONSULTING GMBH (AT) | STICHTING INTERNATIONAL INSTITUTE FOR ENVIRONMENT AND DEVELOPMENT EUROPE (NL),culturomics,https://cordis.europa.eu/project/id/101215153
5,PI-HELD GRANT - cold outreach to coordinator,DETECTOR,Deepfake Evidence and Technology for Forensic Content Oversight and Research,HORIZON-RIA,2025-09-01,2028-08-31,"4489405,5",ETHNIKO KENTRO EREVNAS KAI TECHNOLOGIKIS ANAPTYXIS,EL,THERMI THESSALONIKI,https://www.certh.gr,https://ec.europa.eu/info/funding-tenders/opportunities/portal/screen/contact-form/project/998802502/101225942,16,FUNDACION CENTRO DE TECNOLOGIAS DE INTERACCION VISUAL Y COMUNICACIONES VICOMTECH (ES) | ENGINEERING - INGEGNERIA INFORMATICA SPA (IT) | SHEFFIELD HALLAM UNIVERSITY (UK) | CYBERCRIME RESEARCH INSTITUTE GMBH (DE) | STOWARZYSZENIE POLSKA PLATFORMA BEZPIECZENSTWA WEWNETRZNEGO (PL) | DIGINNOV - DIGITAL INNOVATION CONSULTING S.R.L. (IT) | UNIVERSITA DEGLI STUDI DI FIRENZE (IT) | SISAMINISTERIO (SM) (FI) | Netherlands Forensic Institute (NL) | Ministerio da Justica (PT) | MINISTERO DELLA DIFESA (IT) | INSIKT INTELLIGENCE S.L. (ES) | THELOGICALLY LTD (UK) | HOME OFFICE (UK) | UNIVERSIDAD DE LA LAGUNA (ES) | INSIKT INTELLIGENCE S.L. (ES),trade,https://cordis.europa.eu/project/id/101225942
5,"POSTDOC FELLOWSHIP - requires PhD already, not applicable pre-PhD",PoEthics East,The Ethics and Poetics of Remembering. Eastern European perspectives,HORIZON-TMA-MSCA-PF-EF,2026-09-01,2028-08-31,"276187,92",UNIVERSITY COLLEGE LONDON,UK,LONDON,http://www.ucl.ac.uk,https://ec.europa.eu/info/funding-tenders/opportunities/portal/screen/contact-form/project/999975620/101276165,0,,culturomics,https://cordis.europa.eu/project/id/101276165
5,"POSTDOC FELLOWSHIP - requires PhD already, not applicable pre-PhD",SEAFUN,Ecosystem function of Mediterranean rhodolith seascapes,HORIZON-TMA-MSCA-PF-EF,2026-09-01,2028-08-31,"194074,56",AGENCIA ESTATAL CONSEJO SUPERIOR DE INVESTIGACIONES CIENTIFICAS,ES,MADRID,http://www.csic.es,https://ec.europa.eu/info/funding-tenders/opportunities/portal/screen/contact-form/project/999991722/101285336,0,,"biodiv,spatial",https://cordis.europa.eu/project/id/101285336
5,"POSTDOC FELLOWSHIP - requires PhD already, not applicable pre-PhD",PERSIST,What makes change last? Evaluating the multidimensional drivers of persistent agroforestry adoption.,HORIZON-TMA-MSCA-PF-EF,2026-09-01,2028-08-31,"217965,12",RHEINISCHE FRIEDRICH-WILHELMS-UNIVERSITAT BONN,DE,BONN,http://www.uni-bonn.de,https://ec.europa.eu/info/funding-tenders/opportunities/portal/screen/contact-form/project/999980276/101270221,1,Centro de Investigación en Ciencias de Información Geoespacial (MX),"biodiv,spatial",https://cordis.europa.eu/project/id/101270221
5,"POSTDOC FELLOWSHIP - requires PhD already, not applicable pre-PhD",REGRASS,REGRASS: Resilience Evaluation of Grazing Rules Across Satellite Sensors,HORIZON-TMA-MSCA-PF-EF,2026-09-01,2028-08-31,"209914,56",UNIVERSIDAD DE ZARAGOZA,ES,ZARAGOZA,http://www.unizar.es,https://ec.europa.eu/info/funding-tenders/opportunities/portal/screen/contact-form/project/999898214/101283108,1,AGENCIA ESTATAL CONSEJO SUPERIOR DE INVESTIGACIONES CIENTIFICAS (ES),"biodiv,spatial",https://cordis.europa.eu/project/id/101283108
5,PI-HELD GRANT - cold outreach to coordinator,MetaQ,When enzymes join forces: unmasking a mitochondrial biosynthetic engine,HORIZON-ERC,2023-10-01,2028-09-30,2107750,UNIVERSITA DEGLI STUDI DI PAVIA,IT,Pavia,http://www.unipv.eu,https://ec.europa.eu/info/funding-tenders/opportunities/portal/screen/contact-form/project/999893752/101094471,0,,trade,https://cordis.europa.eu/project/id/101094471
5,PI-HELD GRANT - cold outreach to coordinator,TRACE,Translational Research in Action for Cancer in regional Ecosystem,HORIZON-RIA,2025-10-01,2028-09-30,1992750,UNIVERSIDADE NOVA DE LISBOA,PT,Lisboa,,https://ec.europa.eu/info/funding-tenders/opportunities/portal/screen/contact-form/project/960782479/101217160,8,SHINE 2EUROPE LDA (PT) | F6S NETWORK IRELAND LIMITED (IE) | GDANSKI UNIWERSYTET MEDYCZNY (PL) | UMOVI EVROPE - INSTITUT ZA NAUCNU IZVRSNOST I TEHNOLOSKI NAPREDAK (RS) | UNIVERZITET U NOVOM SADU FAKULTET TEHNICKIH NAUKA (RS) | Fundacja OmeaLife Rak piersi nie ogranicza (PL) | MINISTERIO DA SAUDE (PT) | EIT HEALTH INNOSTARS EV (DE),culturomics,https://cordis.europa.eu/project/id/101217160
5,"POSTDOC FELLOWSHIP - requires PhD already, not applicable pre-PhD",CEREB-AMP,Alternative Splicing as a Driver of AMPAR Structural and Functional Diversity,HORIZON-TMA-MSCA-PF-EF,2026-10-01,2028-09-30,"194074,56",UNIVERSIDAD DE ZARAGOZA,ES,ZARAGOZA,http://www.unizar.es,https://ec.europa.eu/info/funding-tenders/opportunities/portal/screen/contact-form/project/999898214/101282567,0,,trade,https://cordis.europa.eu/project/id/101282567
5,"POSTDOC FELLOWSHIP - requires PhD already, not applicable pre-PhD",TuFF,Tuning into Fennoscandian forests: using bioacoustics to improve forest management for wildlife conservation,HORIZON-TMA-MSCA-PF-EF,2026-10-26,2028-10-25,"251578,56",NORGES MILJO-OG BIOVITENSKAPELIGE UNIVERSITET,NO,As,http://www.umb.no,https://ec.europa.eu/info/funding-tenders/opportunities/portal/screen/contact-form/project/999902967/101275511,0,,"biodiv,spatial",https://cordis.europa.eu/project/id/101275511
5,PI-HELD GRANT - cold outreach to coordinator,APATHES,"Assessing Philosophical Authors and Texts from Herculaneum and elsewhere on Early Stoicism: Insights into ancient logic, physics, and ethics towards a new von Arnim",HORIZON-ERC,2023-11-01,2028-10-31,1999587,UNIVERSITA DEGLI STUDI DI TORINO,IT,Torino,http://www.unito.it,https://ec.europa.eu/info/funding-tenders/opportunities/portal/screen/contact-form/project/999861936/101086695,0,,culturomics,https://cordis.europa.eu/project/id/101086695
5,PI-HELD GRANT - cold outreach to coordinator,HEPHAESTUS,HEritage Protocols for ArcHitecturAl European croSs-bordering siTes evalUationS,HORIZON-TMA-MSCA-SE,2024-11-01,2028-10-31,542800,UNIVERSITA DEGLI STUDI DI FIRENZE,IT,Florence,http://www.unifi.it/,https://ec.europa.eu/info/funding-tenders/opportunities/portal/screen/contact-form/project/999895789/101182877,8,"UNIVERSITA DEGLI STUDI DI PAVIA (IT) | POLITECHNIKA GDANSKA (PL) | INSTITUT ZA POVIJEST UMJETNOSTI INSTITUTE OF ART HISTORY (HR) | HOCHSCHULE BOCHUM FUER TECHNIK, WIRTSCHAFT UND GESUNDHEIT (DE) | METAHERITAGE SRL (IT) | FUNDACJA TO GET THERE (PL) | INSTYTUT KULTURY MIEJSKIEJ (PL) | TVRDJAVA KULTURE SIBENIK (HR)",culturomics,https://cordis.europa.eu/project/id/101182877
5,"POSTDOC FELLOWSHIP - requires PhD already, not applicable pre-PhD",STRADA,"Swift TRADe in Anatolia. Roads, Texts, Donkeys and Merchants in the 19th Century BCE",HORIZON-TMA-MSCA-PF-EF,2026-11-01,2028-10-31,"226420,56",UNIVERSITE PARIS I PANTHEON-SORBONNE,FR,Paris,http://www.univ-paris1.fr,https://ec.europa.eu/info/funding-tenders/opportunities/portal/screen/contact-form/project/999859123/101263289,1,UNIVERSITA DEGLI STUDI DI MILANO (IT),"biodiv,spatial",https://cordis.europa.eu/project/id/101263289
5,"POSTDOC FELLOWSHIP - requires PhD already, not applicable pre-PhD",SNAREopathies,High-throughput screen for disfunctions in GABA-switch in human neuronal models of SNAREopathies,HORIZON-TMA-MSCA-PF-EF,2026-11-01,2028-10-31,"247553,28",KOBENHAVNS UNIVERSITET,DK,KOBENHAVN,http://www.ku.dk,https://ec.europa.eu/info/funding-tenders/opportunities/portal/screen/contact-form/project/999991043/101274608,0,,trade,https://cordis.europa.eu/project/id/101274608
5,PI-HELD GRANT - cold outreach to coordinator,MicrobiotaNeuroTalk,Trafficking mechanisms and physiological factors mediating a direct gut microbiota-brain neuron interaction,HORIZON-ERC,2023-12-01,2028-11-30,1875000,FUNDACAO GIMM - GULBENKIAN INSTITUTE FOR MOLECULAR MEDICINE,PT,LISBOA,,https://ec.europa.eu/info/funding-tenders/opportunities/portal/screen/contact-form/project/877027732/101116569,1,FUNDACAO CALOUSTE GULBENKIAN (PT),trade,https://cordis.europa.eu/project/id/101116569
5,PI-HELD GRANT - cold outreach to coordinator,STAGE,"STAGE: From Stage to Data, the Digital Turn of  Contemporary Performing Arts Historiography",HORIZON-ERC,2024-01-01,2028-12-31,2487306,UNIVERSITE RENNES II,FR,Rennes Cedex,http://www.uhb.fr,https://ec.europa.eu/info/funding-tenders/opportunities/portal/screen/contact-form/project/999956220/101097091,0,,culturomics,https://cordis.europa.eu/project/id/101097091
5,PI-HELD GRANT - cold outreach to coordinator,BOSTAN TREE,Bioarchaeology of Orchards and Sustainable Terroir in the Arid Near East – Trends in Ecology and Evolution,HORIZON-ERC,2024-01-01,2028-12-31,3496176,UNIVERSITY OF HAIFA,IL,HAIFA,http://www.haifa.ac.il,https://ec.europa.eu/info/funding-tenders/opportunities/portal/screen/contact-form/project/999897826/101096539,0,,culturomics,https://cordis.europa.eu/project/id/101096539
5,DOCTORAL NETWORK - structured PhD recruitment,HealthIntelAct,"Actionable Performance Intelligence towards Health and Care Systems for People, Planet, and Prosperity",HORIZON-TMA-MSCA-DN-ID,2025-01-01,2028-12-31,3957048,STICHTING AMSTERDAM UMC,NL,Amsterdam,http://www.vumc.nl,https://ec.europa.eu/info/funding-tenders/opportunities/portal/screen/contact-form/project/919322739/101168576,40,"OPTIMEDIS AG (DE) | REGION NORDJYLLAND (NORTH DENMARK REGION) (DK) | UNIVERSITATEA DE MEDICINA SI FARMACIE CAROL DAVILA DIN BUCURESTI (RO) | SCUOLA SUPERIORE DI STUDI UNIVERSITARI E DI PERFEZIONAMENTO S ANNA (IT) | MINISTERE DE LA SANTE ET DE LA SECURITE SOCIALE (LU) | NACIONALNI INSTITUT ZA JAVNO ZDRAVJE (SI) | ORGANISATION FOR ECONOMIC CO-OPERATION AND DEVELOPMENT (FR) | FORUM DES PATIENTS EUROPEENS (BE) | Private Universitaet Witten/Herdecke gGmbH (DE) | STICHTING PHAROS EXPERTISECENTRUM GEZONDHEIDSVERSCHILLEN (NL) | REGION MIDTJYLLAND (DK) | Canadian Institute for Health Information (CA) | Egton Medical Information Systems Limited (UK) | AGENZIA NAZIONALE PER I SERVIZI SANITARI REGIONALI (IT) | AZIENDA USL TOSCANA NORD OVEST (IT) | REGIONE TOSCANA (IT) | National Authority for Quality Management in Healthcare (RO) | EUROPEAN HOSPITAL AND HEALTHCARE FEDERATION (BE) | HEALTH CARE WITHOUT HARM EUROPE (BE) | Hampshire Hospitals NHS Trust (UK) | THE ROYAL COLLEGE OF GENERAL PRACTITIONERS (UK) | Registered Nurses Association of Ontario (CA) | DASYS (DK) | ASKLEPIOS KLINIKEN HAMBURG GMBH (DE) | Allianz Kommunaler Großkrankenhäuser e.V. (DE) | SCHLESINGER GROUP MARKET RESEARCH SPAIN SL (ES) | Serectrix srls (IT) | Fundament Subsidieadvies (NL) | FUNDACION PARA EL FOMENTO DE LA INVESTIGACION SANITARIA Y BIOMEDICA DE LA COMUNITAT VALENCIANA (ES) | International Network of Health Promoting Hospitals and Health Services (DE) | EUROPEAN FORUM FOR PRIMARY CARE (NL) | Sindacato Pensionati Italiani SPI CGIL (IT) | INSTITUTUL NATIONAL DE SANATATE PUBLICA (RO) | ASOCIATIA COALITIA ORGANIZATIILOR PACIENTILOR CU AFECTIUNI CRONICE DIN ROMANIA (RO) | OptiMedis-COBIC UK Limited (UK) | WOLFRAM RESEARCH EUROPE LIMITED (UK) | UNIVERSITEIT VAN AMSTERDAM (NL) | AALBORG UNIVERSITET (DK) | THE CHANCELLOR, MASTERS AND SCHOLARS OF THE UNIVERSITY OF OXFORD (UK) | UNIVERZA V LJUBLJANI (SI)",culturomics,https://cordis.europa.eu/project/id/101168576
5,DOCTORAL NETWORK - structured PhD recruitment,BEYOND,Beyond the current: Improving European flowing waters in an era of global change,HORIZON-TMA-MSCA-DN,2025-01-01,2028-12-31,2192760,SVERIGES LANTBRUKSUNIVERSITET,SE,Uppsala,http://www.slu.se,https://ec.europa.eu/info/funding-tenders/opportunities/portal/screen/contact-form/project/999887350/101169293,36,"TEAGASC - AGRICULTURE AND FOOD DEVELOPMENT AUTHORITY (IE) | AGENCIA ESTATAL CONSEJO SUPERIOR DE INVESTIGACIONES CIENTIFICAS (ES) | INSTITUT NATIONAL DE RECHERCHE POUR L'AGRICULTURE, L'ALIMENTATION ET L'ENVIRONNEMENT (FR) | UNIVERSITY COLLEGE DUBLIN, NATIONAL UNIVERSITY OF IRELAND, DUBLIN (IE) | FORSCHUNGSZENTRUM JULICH GMBH (DE) | HELMHOLTZ-ZENTRUM FUR UMWELTFORSCHUNG GMBH - UFZ (DE) | WASSERKLUSTER LUNZ BIOLOGISCHE STATION GMBH (AT) | INSTITUT NATIONAL D'ENSEIGNEMENT SUPERIEUR POUR L'AGRICULTURE, L'ALIMENTATION ET L'ENVIRONNEMENT (FR) | RHEINISCHE FRIEDRICH-WILHELMS-UNIVERSITAT BONN (DE) | UNIVERSITAET POTSDAM (DE) | UNIVERSITAET FUER BODENKULTUR WIEN (AT) | UNIVERSITAT DE BARCELONA (ES) | Biomathematics and Statistics Scotland (UK) | NORSK INSTITUTT FOR VANNFORSKNING STI (NO) | SVERIGES METEOROLOGISKA OCH HYDROLOGISKA INSTITUT (SE) | AGRIFOOD AND BIOSCIENCES INSTITUTE (UK) | SZKOLA GLOWNA GOSPODARSTWA WIEJSKIEGO (PL) | SCOTTISH ENVIRONMENT PROTECTION AGENCY (UK) | Centre de Ressour-ces et dExpertise Scientifique sur lEau en Bretagne (FR) | ENVIRONMENTAL PROTECTION AGENCY (IE) | Landesbetrieb für Hochwasserschutz und Wasserwirtschaft (DE) | CONSORCI BESOS TORDERA (ES) | AGENCIA CATALANA DE L'AIGUA (ES) | LUODE CONSULTING OY (FI) | TRIOS MESS- UND DATENTECHNIK GMBH (DE) | POSTNOVA ANALYTICS GMBH (DE) | CARBERY FOOD INGREDIENTS LIMITED (IE) | Chivas Brothers Ltd (UK) | INTEL RESEARCH AND DEVELOPMENT IRELAND LIMITED (IE) | EasyMining Sweden AB (SE) | CONSERVATION EDUCATION AND RESEARCH TRUST (UK) | UNIVERSITY OF NEW HAMPSHIRE CORPORATION (US) | University of Notre Dame du Lac (US) | UNIVERSITY OF LANCASTER (UK) | UNIVERSITY OF ULSTER (UK) | THE JAMES HUTTON INSTITUTE (UK)",culturomics,https://cordis.europa.eu/project/id/101169293
5,PI-HELD GRANT - cold outreach to coordinator,ANIPH,Avoiding the Negative Impacts produced by Plastic materials in Humanitarian contexts,HORIZON-RIA,2025-01-01,2028-12-31,"3999801,25",ASOCIACION EMPRESARIAL DE INVESTIGACION CENTRO TECNOLOGICO DEL CALZADOY DEL PLASTICO DE LA REGION DE MURCIA,ES,Alhama De Murcia,http://www.ctcalzado.org,https://ec.europa.eu/info/funding-tenders/opportunities/portal/screen/contact-form/project/963416417/101181943,8,CETEC BIOTECHNOLOGY SL (ES) | GEOPONIKO PANEPISTIMION ATHINON (EL) | TERRAVERDAE BIOWORKS (CA) | UNIVERSIDAD DE GRANADA (ES) | stichting global organization for PHA (GO!PHA) (NL) | KNOWLEDGE VALUE CONSULTING (BE) | SENIOR EUROPA SOCIEDAD LIMITADA (ES) | FONDAZIONE ICONS (IT),culturomics,https://cordis.europa.eu/project/id/101181943
5,PI-HELD GRANT - cold outreach to coordinator,TRICUSO,Three Research Infrastructures together: Carbon Uptake Southern Ocean,HORIZON-RIA,2025-01-01,2028-12-31,9999300,NORCE RESEARCH AS,NO,BERGEN,http://www.norceresearch.no,https://ec.europa.eu/info/funding-tenders/opportunities/portal/screen/contact-form/project/905860788/101188028,17,SEASCAPE BELGIUM (BE) | SORBONNE UNIVERSITE (FR) | EUROPEAN MARINE BIOLOGICAL RESOURCE CENTRE EUROPEAN RESEARCH INFRASTRUCTURE CONSORTIUM (FR) | THE UNIVERSITY OF EXETER (UK) | SUBCTECH GMBH (DE) | IMOCA (FR) | HELMHOLTZ-ZENTRUM FUR OZEANFORSCHUNG KIEL (GEOMAR) (DE) | NKE INSTRUMENTATION (FR) | NATIONAL OCEANOGRAPHY CENTRE (UK) | VLAAMS INSTITUUT VOOR DE ZEE (BE) | CENTRE NATIONAL DE LA RECHERCHE SCIENTIFIQUE CNRS (FR) | INTEGRATED CARBON OBSERVATION SYSTEM EUROPEAN RESEARCH INFRASTRUCTURECONSORTIUM (FI) | EURO-ARGO ERIC (FR) | WORLD METEOROLOGICAL ORGANIZATION (CH) | UNIVERSITY OF EAST ANGLIA (UK) | INSTYTUT OCEANOLOGII POLSKIEJ AKADEMII NAUK (PL) | SOUTH ATLANTIC ENVIRONMENTAL RESEARCH INSTITUTE (UK),culturomics,https://cordis.europa.eu/project/id/101188028
5,PI-HELD GRANT - cold outreach to coordinator,BioClima,"Improving Monitoring for Better Integrated Climate and Biodiversity Approaches, Using Environmental and Earth Observations",HORIZON-RIA,2025-01-01,2028-12-31,"4999437,5",ZAPADOCESKA UNIVERZITA V PLZNI,CZ,Pilsen,http://www.zcu.cz,https://ec.europa.eu/info/funding-tenders/opportunities/portal/screen/contact-form/project/999843894/101181408,36,"SINTEF AS (NO) | PLAN4ALL ZS (CZ) | EREVNITIKO PANEPISTIMIAKO INSTITOUTO SYSTIMATON EPIKOINONION KAI YPOLOGISTON (EL) | KATHOLIEKE UNIVERSITEIT LEUVEN (BE) | ASPLAN VIAK AS (NO) | VYZKUMNY A SLECHTITELSKY USTAV OVOCNARSKY HOLOVOUSY SRO (CZ) | LUNDS UNIVERSITET (SE) | UNIVERSITATEA DIN BUCURESTI (RO) | NEURALIO AI IKE (EL) | NORGES TEKNISK-NATURVITENSKAPELIGE UNIVERSITET NTNU (NO) | IDC ITALIA SRL (IT) | UNIVERSITEIT TWENTE (NL) | SUOMEN YMPARISTOKESKUS (FI) | OPEN GEOSPATIAL CONSORTIUM EUROPE (BE) | INTERNATIONALES INSTITUT FUER ANGEWANDTE SYSTEMANALYSE (AT) | METEOBLUE AG (CH) | Aerospace Information Research Institute, Chinese Academy of Sciences (CN) | INSTITUTE OF ZOOLOGY, CHINESE ACADEMY OF SCIENCES (CN) | Institute of Semiconductors, Chinese Academy of Sciences (CN) | Nanjing Institute of Environmental Sciences, Ministry of Ecology and Environment (CN) | Fujian Space Carbon Technology Group co., Ltd (CN) | INSTITUTE OF GEOGRAPHICAL SCIENCES AND NATURAL RESOURCES RESEARCH, CHINESE ACADEMY OF SCIENCES (CN) | LANZHOU JIAOTONG UNIVERSITY (CN) | Qingdao University of Technology (CN) | Hangzhou City University (CN) | EllipSpace (Beijing) Technology Co., Ltd. (CN) | Wuyi University (CN) | China University of Mining and Technology (CN) | Zhejiang University (CN) | Institute of Agricultural Resources and Regional Planning CAAS (CN) | Ecology and Nature Conservation Institute,Chinese Academy of Forestry (CN) | BEIJING NORMAL UNIVERSITY (CN) | Institute of Subtropical Agriculture, Chinese Academy of Sciences (CN) | Foreign Environmental Cooperation Center (FECO), Ministry of Ecology and Environment (CN) | Environmental Development Center of the Ministry of Ecology and Environment(Sino-Japan Friendship Centre for Environmental Protection) (CN) | Institutes of Science and Development, Chinese Academy of Sciences (CN)","biodiv,spatial",https://cordis.europa.eu/project/id/101181408
5,PI-HELD GRANT - cold outreach to coordinator,HARARA,Co-creating inclusive local climate adaptation practices to deal with experienced heat,HORIZON-RIA,2026-01-01,2028-12-31,"1999658,75",ERASMUS UNIVERSITEIT ROTTERDAM,NL,Rotterdam,http://www.eur.nl,https://ec.europa.eu/info/funding-tenders/opportunities/portal/screen/contact-form/project/999839335/101216412,4,UNIVERSITEIT ANTWERPEN (BE) | EMPACT (BE) | STICHTING CULTUURWERKPLAATS TARWEWIJK (NL) | TECHNISCHE UNIVERSITEIT DELFT (NL),culturomics,https://cordis.europa.eu/project/id/101216412
5,PI-HELD GRANT - cold outreach to coordinator,PUREPOLIS,Dynamic Abatement Strategies for maximized environmental and societal health in cities,HORIZON-RIA,2026-01-01,2028-12-31,4937518,HELMHOLTZ ZENTRUM MUENCHEN DEUTSCHES FORSCHUNGSZENTRUM FUER GESUNDHEIT UND UMWELT GMBH,DE,Neuherberg,http://www.helmholtz-muenchen.de,https://ec.europa.eu/info/funding-tenders/opportunities/portal/screen/contact-form/project/999994729/101234870,18,UNIVERSITEIT TWENTE (NL) | ACONDICIONAMIENTO TARRASENSE ASSOCIACION (ES) | UMIT TIROL - PRIVATE UNIVERSITAT FUR GESUNDHEITSWISSENSCHAFTEN UND TECHNOLOGIE GMBH (AT) | Healthy Cities S.L. (ES) | EUROPEAN PUBLIC HEALTH ALLIANCE (BE) | UNINOVA-INSTITUTO DE DESENVOLVIMENTO DE NOVAS TECNOLOGIAS-ASSOCIACAO (PT) | TREE TECHNOLOGY SA (ES) | LAPPEENRANNAN-LAHDEN TEKNILLINEN YLIOPISTO LUT (FI) | UNIVERSITAET AUGSBURG (DE) | substitute ApS (DK) | KINTSUGI-LOWCARBON (FR) | UNIVERSIDAD DE VIGO (ES) | EUROQUALITY SAS (FR) | FUNDACION DE LA COMUNITAT VALENCIANA PARA LA PROMOCION ESTRATEGICA EL DESARROLLO Y LA INNOVACION URBANA (ES) | NANTES METROPOLE (FR) | Air Pays de la Loire (FR) | ACOUCITE (FR) | RYBNIK - MIASTO NA PRAWACH POWIATU (PL),culturomics,https://cordis.europa.eu/project/id/101234870
5,"POSTDOC FELLOWSHIP - requires PhD already, not applicable pre-PhD",SocialTHOI,Temporal higher order interactions in social dynamics: From theoretical models to controlled experiments,HORIZON-TMA-MSCA-PF-EF,2027-01-01,2028-12-31,"194074,56",UNIVERSIDAD POMPEU FABRA,ES,Barcelona,http://www.upf.edu,https://ec.europa.eu/info/funding-tenders/opportunities/portal/screen/contact-form/project/999867077/101281714,1,IT-UNIVERSITETET I KOBENHAVN (DK),culturomics,https://cordis.europa.eu/project/id/101281714
5,"POSTDOC FELLOWSHIP - requires PhD already, not applicable pre-PhD",POLIT,The Politics of Illicit Transit: Governing Fragmented Drug Routes in Honduras and Uruguay,HORIZON-TMA-MSCA-PF-GF,2026-10-01,2028-12-31,"247427,31",THE UNIVERSITY COURT OF THE UNIVERSITY OF ST ANDREWS,UK,ST ANDREWS,http://www.st-andrews.ac.uk,https://ec.europa.eu/info/funding-tenders/opportunities/portal/screen/contact-form/project/999984253/101282607,1,UNIVERSIDAD CATOLICA DEL URUGUAY DAMASO ANTONIO LARRANAGA ASOCIACION CIVIL (UY),trade,https://cordis.europa.eu/project/id/101282607
5,"POSTDOC FELLOWSHIP - requires PhD already, not applicable pre-PhD",Lipid-Ex,Decoding the Lipidome of Adipose-Derived Extracellular Vesicles in Ovarian Cancer: Mechanistic Insight into Tumor-Adipose Crosstalk,HORIZON-TMA-MSCA-PF-EF,2027-01-01,2028-12-31,"202125,12",PHILIPPS UNIVERSITAET MARBURG,DE,Marburg,http://www.uni-marburg.de,https://ec.europa.eu/info/funding-tenders/opportunities/portal/screen/contact-form/project/999848938/101272555,1,MAX-PLANCK-GESELLSCHAFT ZUR FORDERUNG DER WISSENSCHAFTEN EV (DE),trade,https://cordis.europa.eu/project/id/101272555
5,"POSTDOC FELLOWSHIP - requires PhD already, not applicable pre-PhD",MASKILICCORPUS,The Scribes of the Maskilic Corpus:  The Scribal Community of Practice behind the Dead Sea Scrolls,HORIZON-TMA-MSCA-PF-EF,2027-01-01,2028-12-31,"267418,56",UNIVERSITETET I AGDER,NO,Kristiansand,https://www.uia.no,https://ec.europa.eu/info/funding-tenders/opportunities/portal/screen/contact-form/project/998822969/101278192,0,,culturomics,https://cordis.europa.eu/project/id/101278192
5,"POSTDOC FELLOWSHIP - requires PhD already, not applicable pre-PhD",LipoTAME,Harnessing engineered lipid nanoparticles to tame autoimmune neuroinflammation by inducing regulatory T cells through CNS myeloid reprogramming,HORIZON-TMA-MSCA-PF-EF,2027-01-15,2029-01-14,200400,VRIJE UNIVERSITEIT BRUSSEL,BE,BRUSSEL,http://www.vub.ac.be,https://ec.europa.eu/info/funding-tenders/opportunities/portal/screen/contact-form/project/999902094/101276645,0,,trade,https://cordis.europa.eu/project/id/101276645
5,PI-HELD GRANT - cold outreach to coordinator,MILKOSOMES,"Breast Milk Biomimetic Nano Particles as a Versatile, Non-Invasive, Oral Drug Delivery Tool",HORIZON-ERC,2024-03-01,2029-02-28,2437500,TECHNION - ISRAEL INSTITUTE OF TECHNOLOGY,IL,Haifa,http://www.technion.ac.il,https://ec.europa.eu/info/funding-tenders/opportunities/portal/screen/contact-form/project/999907720/101115723,0,,trade,https://cordis.europa.eu/project/id/101115723
5,PI-HELD GRANT - cold outreach to coordinator,AUTOMATA,AUTOMated enriched digitisation of Archaeological liThics and cerAmics,HORIZON-RIA,2024-09-01,2029-02-28,"4026823,51",UNIVERSITA DI PISA,IT,PISA,https://www.unipi.it,https://ec.europa.eu/info/funding-tenders/opportunities/portal/screen/contact-form/project/999862712/101158046,12,UNIVERSITE BORDEAUX MONTAIGNE (FR) | INSTITUT NATIONAL DE RECHERCHES ARCHEOLOGIQUES PREVENTIVES (FR) | ARHEOLOSKI MUZEJ U ZAGREBU (HR) | QBROBOTICS SRL (IT) | THE HEBREW UNIVERSITY OF JERUSALEM (IL) | MININGFUL SRL SEMPLIFICATA (IT) | FONDAZIONE ISTITUTO ITALIANO DI TECNOLOGIA (IT) | UNIVERSITAT DE BARCELONA (ES) | CULTURE LAB (BE) | UNIVERSITY OF YORK (UK) | KING'S COLLEGE LONDON (UK) | INSTITUT NATIONAL DE RECHERCHE EN INFORMATIQUE ET AUTOMATIQUE (FR),culturomics,https://cordis.europa.eu/project/id/101158046
5,DOCTORAL NETWORK - structured PhD recruitment,T-RAFIC,Training network for tracking and controlling therapeutic immune cells in cancer,HORIZON-TMA-MSCA-DN,2025-03-01,2029-02-28,"4130611,2",LUDWIG-MAXIMILIANS-UNIVERSITAET MUENCHEN,DE,Planegg,http://www.uni-muenchen.de,https://ec.europa.eu/info/funding-tenders/opportunities/portal/screen/contact-form/project/999978433/101168810,27,DANMARKS TEKNISKE UNIVERSITET (DK) | STICHTING AMSTERDAM UMC (NL) | REGION HOVEDSTADEN (DK) | INSTITUT GUSTAVE ROUSSY (FR) | INSTITUT NATIONAL DE LA SANTE ET DE LA RECHERCHE MEDICALE (FR) | MEDIZINISCHE UNIVERSITAT INNSBRUCK (AT) | MILTENYI BIOTEC BV & CO KG (DE) | UNIVERSITA HUMANITAS (IT) | OSLO UNIVERSITETSSYKEHUS HF (NO) | KLINIKUM DER TECHNISCHEN UNIVERSITÄT MÜNCHEN (TUM KLINIKUM) (DE) | TECHNISCHE UNIVERSITAET MUENCHEN (DE) | ViraTherapeutics GmbH (AT) | ANGLIA RUSKIN UNIVERSITY (UK) | UNIVERSITA DELLA SVIZZERA ITALIANA (CH) | UNIVERSITE PARIS CITE (FR) | KOBENHAVNS UNIVERSITET (DK) | UNIVERSITETET I OSLO (NO) | UNIVERSITE DE RENNES (FR) | VERENIGING VOOR CHRISTELIJK HOGER ONDERWIJS WETENSCHAPPELIJK ONDERZOEK EN PATIENTENZORG (NL) | ROCHE GLYCART AG (CH) | FONDAZIONE PER L'ISTITUTO DI RICERCA IN BIOMEDICINA (CH) | UNIVERSITE PARIS-SACLAY (FR) | KLINIKUM DER LUDWIG-MAXIMILIANS-UNIVERSITAT MUNCHEN (DE) | INTELLIGENT OMICS LIMITED (UK) | InCephalo AG (CH) | THE NOTTINGHAM TRENT UNIVERSITY (UK) | UNIVERSITAT ZURICH (CH),trade,https://cordis.europa.eu/project/id/101168810
5,PI-HELD GRANT - cold outreach to coordinator,PLUNDERED LIVES,Intimate Dispossession: The Afterlives of Plundered Jewish Personal Possessions in the Aftermath of the Holocaust,HORIZON-ERC,2024-04-01,2029-03-31,1999888,HUMBOLDT-UNIVERSITAET ZU BERLIN,DE,Berlin,http://www.hu-berlin.de,https://ec.europa.eu/info/funding-tenders/opportunities/portal/screen/contact-form/project/999850781/101124323,0,,culturomics,https://cordis.europa.eu/project/id/101124323
5,"POSTDOC FELLOWSHIP - requires PhD already, not applicable pre-PhD",MicroRefugia,Microclimate refugia: the hidden drivers of mammalian responses to climate change,HORIZON-TMA-MSCA-PF-EF,2027-04-01,2029-03-31,"217076,16",UNIVERSITEIT UTRECHT,NL,Utrecht,http://www.uu.nl,https://ec.europa.eu/info/funding-tenders/opportunities/portal/screen/contact-form/project/999985805/101284938,1,AGENCIA ESTATAL CONSEJO SUPERIOR DE INVESTIGACIONES CIENTIFICAS (ES),"biodiv,spatial",https://cordis.europa.eu/project/id/101284938
5,PI-HELD GRANT - cold outreach to coordinator,REDUCT,Reducing Uncertainties in Contrail Impact and Climate-optimized Traffic Flow Modelling in Aviation,HORIZON-JU-RIA,2026-10-01,2029-03-31,"999991,72",DEUTSCHES ZENTRUM FUR LUFT - UND RAUMFAHRT EV,DE,KOLN,https://www.dlr.de,https://ec.europa.eu/info/funding-tenders/opportunities/portal/screen/contact-form/project/999981731/101288398,3,STICHTING KONINKLIJK NEDERLANDS LUCHT - EN RUIMTEVAARTCENTRUM (NL) | TECHNISCHE UNIVERSITEIT DELFT (NL) | DEEP BLUE SRL (IT),trade,https://cordis.europa.eu/project/id/101288398
5,PI-HELD GRANT - cold outreach to coordinator,MycoStruct,MYcelium-based COmplete Protein STRUCTures for Whole-Cut Scale-Up,HORIZON-JU-IA,2026-05-01,2029-04-30,"6992644,73",AS TFTAK,EE,TALLINN,,https://ec.europa.eu/info/funding-tenders/opportunities/portal/screen/contact-form/project/952911996/101292039,12,"ADAMO FOODS LTD (UK) | TECHNISCHE UNIVERSITEIT DELFT (NL) | BIO BASE EUROPE PILOT PLANT VZW (BE) | HOLOSS RESEARCH - CENTRE FOR ADVANCED SCIENCE, TECHNOLOGY AND PUBLIC VALUE, ASSOCIACAO (PT) | HOLOSS - HOLISTIC AND ONTOLOGICALSOLUTIONS FOR SUSTAINABILITY, LDA. (PT) | NIRAS GROUP (UK) LTD (UK) | CELABOR SCRL (BE) | HAUTE ECOLE SPECIALISEE DE SUISSE OCCIDENTALE (CH) | FENIX TNT SRO (CZ) | TBW RESEARCH GESMBH (AT) | BFS GROUP LIMITED (UK) | BUHLER AG (CH)","biodiv,spatial",https://cordis.europa.eu/project/id/101292039
5,"POSTDOC FELLOWSHIP - requires PhD already, not applicable pre-PhD",HAELM DF,Historical Atlas of European Live Music: Digital Framework,HORIZON-TMA-MSCA-PF-EF,2026-11-01,2029-04-30,"345234,9",THE UNIVERSITY OF LIVERPOOL,UK,LIVERPOOL,http://www.liverpool.ac.uk,https://ec.europa.eu/info/funding-tenders/opportunities/portal/screen/contact-form/project/999980567/101272571,2,UNIVERSITY OF NEWCASTLE UPON TYNE (UK) | HAMBURG MUSIC BUSINESS E.V. (DE),culturomics,https://cordis.europa.eu/project/id/101272571
5,"POSTDOC FELLOWSHIP - requires PhD already, not applicable pre-PhD",VisionGuard,Decoding retinal cell communication to counteract vision loss in aging,HORIZON-TMA-MSCA-PF-EF,2027-05-01,2029-04-30,"263393,28",AARHUS UNIVERSITET,DK,Aarhus C,http://www.au.dk,https://ec.europa.eu/info/funding-tenders/opportunities/portal/screen/contact-form/project/999997736/101263742,0,,trade,https://cordis.europa.eu/project/id/101263742
5,PI-HELD GRANT - cold outreach to coordinator,FORTIFY,"FORTIFY - FRAMEWORK FOR OPTIMIZED REGULATION, TRADE SECRETS, AND INTELLECTUAL PROPERTY IN A FEDERATED EUROPEAN HEALTH DATA SPACE",HORIZON-JU-RIA,2026-05-01,2029-04-30,6043000,KAROLINSKA INSTITUTET,SE,STOCKHOLM,http://www.ki.se,https://ec.europa.eu/info/funding-tenders/opportunities/portal/screen/contact-form/project/999978530/101251225,63,"KATHOLIEKE UNIVERSITEIT LEUVEN (BE) | UNIVERSITY OF OTTAWA (CA) | ALMA MATER STUDIORUM - UNIVERSITA DI BOLOGNA (IT) | TEAMIT RESEARCH SL (ES) | VACCINE MONITORING COLLABORATION FOR EUROPE (BE) | FUNDACION PARA LA INVESTIGACION DEL HOSPITAL UNIVERSITARIO LA FE DE LA COMUNIDAD VALENCIANA (ES) | TIMELEX (BE) | CHARITE - UNIVERSITAETSMEDIZIN BERLIN (DE) | PATVOCATES GMBH (DE) | UNIVERSITAT POLITECNICA DE VALENCIA (ES) | AGENCE DES DONNEES DE (SOINS DE) SANTE (BE) | AGENCIA DE QUALITAT I AVALUACIO SANITARIES DE CATALUNYA (ES) | IMPERIAL COLLEGE OF SCIENCE TECHNOLOGY AND MEDICINE (UK) | ISTITUTO ORTOPEDICO RIZZOLI (IT) | IRCCS AZIENDA OSPEDALIERO- UNIVERSITARIA DI BOLOGNA (IT) | PLATEFORME DES DONNEES DE SANTE (FR) | JANSSEN PHARMACEUTICA NV (BE) | SANOFI WINTHROP INDUSTRIE (FR) | ABBVIE INC (US) | ASTRAZENECA UK LIMITED (UK) | BAYER AKTIENGESELLSCHAFT (DE) | BIOMERIEUX SA (FR) | BOEHRINGER INGELHEIM INTERNATIONALGMBH (DE) | GLAXOSMITHKLINE RESEARCH & DEVELOPMENT LIMITED (UK) | MERCK KOMMANDITGESELLSCHAFT AUF AKTIEN (DE) | MERCK SHARP & DOHME CORP (US) | NOVARTIS PHARMA AG (CH) | NOVO NORDISK A/S (DK) | PFIZER INC (US) | UCB BIOPHARMA (BE) | RESMED SENSOR TECHNOLOGIES LIMITED (IE) | CLARIVATE ANALYTICS (UK) LIMITED (UK) | Johnson & Johnson Medical Limited (UK) | JANSSEN CILAG LIMITED (UK) | Janssen-Cilag NV (BE) | ACTELION PHARMACEUTICALS LTD (CH) | JANSSEN-CILAG (FR) | JOHNSON & JOHNSON MEDICAL GMBH (DE) | Verb Surgical Inc. (US) | JANSSEN-CILAG GMBH (DE) | Johnson & Johnson Services, Inc. (US) | JANSSEN VACCINES & PREVENTION BV (NL) | Sanofi US Services Inc. (US) | Chinoin Private Co Ltd (HU) | Sanofi Pasteur Limited Canada (CA) | SANOFI-AVENTIS DEUTSCHLAND GMBH (DE) | ABBVIE DEUTSCHLAND GMBH & CO KG (DE) | Bayer SA-NV (BE) | BOEHRINGER INGELHEIM PHARMA GMBH &CO KG (DE) | C.H. Boehringer Sohn AG & Co. KG (DE) | MERCK HEALTHCARE KGAA (DE) | Ares Trading SA (CH) | Merck Serono Ireland Ltd. (IE) | EMD Digital Inc. (US) | MSD R&D INNOVATION CENTRE LIMITED (UK) | PFIZER LIMITED (UK) | Pfizer R&D UK Limited (UK) | Pfizer S.A./N.V. (BE) | Pfizer AB (SE) | UCB PHARMA SA (BE) | UCB Biopharma UK (UK) | RESMED EPN LTD (UK) | RESMED PTY LTD (AU)",culturomics,https://cordis.europa.eu/project/id/101251225
5,PI-HELD GRANT - cold outreach to coordinator,K9VocLearn,Capturing the evolution of a transformative cognitive capacity: the case of vocal learning in dogs,HORIZON-ERC,2024-06-01,2029-05-31,2573296,EOTVOS LORAND TUDOMANYEGYETEM,HU,BUDAPEST,http://www.elte.hu/,https://ec.europa.eu/info/funding-tenders/opportunities/portal/screen/contact-form/project/999896468/101125731,0,,culturomics,https://cordis.europa.eu/project/id/101125731
5,PI-HELD GRANT - cold outreach to coordinator,BUILDERS,"Building Up Industry Loops through Development, evaluation, and testing of an Extended producer Responsibility Scheme for construction products",HORIZON-IA,2026-06-01,2029-05-31,"4999286,25",CENTRE TECHNIQUE INDUSTRIEL DE LA PLASTURGIE ET DES COMPOSITES,FR,BELLIGNAT,http://www.poleplasturgie.com,https://ec.europa.eu/info/funding-tenders/opportunities/portal/screen/contact-form/project/996699251/101290997,21,TERRA (FR) | VALOBAT (FR) | BUILDINGS PERFORMANCE INSTITUTE EUROPE ASBL (BE) | FRAUNHOFER GESELLSCHAFT ZUR FORDERUNG DER ANGEWANDTEN FORSCHUNG EV (DE) | AIMPLAS - ASOCIACION DE INVESTIGACION DE MATERIALES PLASTICOS Y CONEXAS (ES) | RECYCLING EUROPE (BE) | ENERGIEINSTITUT AN DER JOHANNES KEPLER UNIVERSITAT LINZ VEREIN (AT) | AGENCE DE L'ENVIRONNEMENT ET DE LAMAITRISE DE L'ENERGIE (FR) | GS1 IN EUROPE (BE) | UNILIN (BE) | B.I.G. FLOORCOVERINGS (BE) | TARKETT GDL SA (LU) | EUROPEAN RESILIENT FLOORING MANUFACTURER'S INSTITUTE VZW (BE) | POLYFLOR LIMITED (UK) | GERFLOR (FR) | The European Plastics Pipes and Fittings Association (BE) | IVL SVENSKA MILJOEINSTITUTET AB (SE) | RECOVINYL (BE) | FLEXDELFT BV (NL) | TECHNISCHE UNIVERSITEIT DELFT (NL) | CROSS-BORDER RESEARCH ASSOCIATION (CH),culturomics,https://cordis.europa.eu/project/id/101290997
5,PI-HELD GRANT - cold outreach to coordinator,Commit2Green,Commit to Green: Participatory urban greening and renaturing towards climate neutrality and resilience in European cities (Commit2Green/C2G),HORIZON-IA,2025-01-01,2029-06-30,"11991392,5",ICLEI EUROPEAN SECRETARIAT GMBH (ICLEI EUROPASEKRETARIAT GMBH),DE,FREIBURG IM BREISGAU,http://www.iclei-europe.org,https://ec.europa.eu/info/funding-tenders/opportunities/portal/screen/contact-form/project/998341364/101139598,24,"STICHTING GLOBAL RESILIENT CITIES NETWORK (NL) | INTERNATIONAL FEDERATION OF LANDSCAPE ARCHITECTURE - EUROPE (BE) | UICN, BUREAU DE REPRESENTATION AUPRES DE L'UNION EUROPEENNE AISBL (BE) | AARHUS UNIVERSITET (DK) | UNIVERSITAT AUTONOMA DE BARCELONA (ES) | CONSIGLIO NAZIONALE DELLE RICERCHE (IT) | UNIVERSITA DEGLI STUDI DELLA TUSCIA (IT) | UNIVERSITA' DEGLI STUDI DI MILANO-BICOCCA (IT) | STICHTING DELTARES (NL) | STICHTING NATURALIS BIODIVERSITY CENTER (NL) | DESIGN CLIPS IDIOTIKI KEFALAIOUCHIKI ETAIREIA (EL) | FUNDACJA SENDZIMIRA (PL) | CREATIVE CLIMATE CITIES GmbH (DE) | UDRUZENJE CENTAR ZA ENERGIJU, OKOLINU I RESURSE - CENER 21 (BA) | Toretei Srl (IT) | AREA METROPOLITANA DE BARCELONA (ES) | GEMEENTE DEN HAAG (NL) | STADT MANNHEIM (DE) | COMUNE DI MILANO (IT) | GRAD SARAJEVO (BA) | DIMOS THESSALONIKIS (EL) | VEJLE KOMMUNE (DK) | MIASTO STOLECZNE WARSZAWA (PL) | DREES & SOMMER SCHWEIZ AG (CH)","biodiv,spatial",https://cordis.europa.eu/project/id/101139598
5,PI-HELD GRANT - cold outreach to coordinator,SafeNet,Safeguarding biodiversity and carbon-rich forest networks in Europe,HORIZON-RIA,2025-02-01,2029-07-31,6233144,LUONNONVARAKESKUS,FI,Helsinki,http://www.luke.fi,https://ec.europa.eu/info/funding-tenders/opportunities/portal/screen/contact-form/project/934887262/101181981,13,ESSRG NONPROFIT KFT (HU) | JYVASKYLAN YLIOPISTO (FI) | UNIVERSITY OF LEEDS (UK) | INTERNATIONALES INSTITUT FUER ANGEWANDTE SYSTEMANALYSE (AT) | UNIVERSIDAD POLITECNICA DE MADRID (ES) | NORGES MILJO-OG BIOVITENSKAPELIGE UNIVERSITET (NO) | ERINN INNOVATION LIMITED (IE) | STICHTING VU (NL) | TECHNISCHE UNIVERSITAET MUENCHEN (DE) | TECHNISCHE UNIVERSITAET DRESDEN (DE) | FSC International Center GmbH (DE) | UNIVERSITATEA TRANSILVANIA DIN BRASOV (RO) | SCIENCE PARTNERS (FR),"biodiv,spatial",https://cordis.europa.eu/project/id/101181981
5,PI-HELD GRANT - cold outreach to coordinator,NBS4Drought,Demonstrating wetlands as Nature-Based Solutions on resilience development to extreme drought across European cities and landscapes.,HORIZON-IA,2025-09-01,2029-08-31,"7981953,75",AARHUS UNIVERSITET,DK,Aarhus C,http://www.au.dk,https://ec.europa.eu/info/funding-tenders/opportunities/portal/screen/contact-form/project/999997736/101181351,24,"CONSIGLIO NAZIONALE DELLE RICERCHE (IT) | TECHNISCHE UNIVERSITEIT EINDHOVEN (NL) | UNIVERSITAET GRAZ (AT) | HELMHOLTZ-ZENTRUM HEREON GMBH (DE) | ICLEI EUROPEAN SECRETARIAT GMBH (ICLEI EUROPASEKRETARIAT GMBH) (DE) | EUROPEAN SCIENCE COMMUNICATION INSTITUTE (ESCI) GGMBH (DE) | UNIVERSITAT POLITECNICA DE CATALUNYA (ES) | SZKOLA GLOWNA GOSPODARSTWA WIEJSKIEGO (PL) | Uniwersytet Przyrodniczy w Lublinie (PL) | EIFER EUROPAISCHES INSTITUT FUR ENERGIEFORSCHUNG EDF KIT EWIV (DE) | POLITECNICO DI MILANO (IT) | UICN, BUREAU DE REPRESENTATION AUPRES DE L'UNION EUROPEENNE AISBL (BE) | BRANDENBURGISCHE TECHNISCHE UNIVERSITAT COTTBUS-SENFTENBERG (DE) | INSTITUT MUNICIPAL D URBANISME (ES) | AJUNTAMENT DE GRANOLLERS (ES) | SAMSO KOMMUNE (DK) | BODENSEE STIFTUNG (DE) | BIURO URZADZANIA LASU I GEODEZJI LESNEJ (PL) | NATURALEA CONSERVACIO, SL (ES) | FUNDACIO RIVUS (ES) | AARHUS KOMMUNE (DK) | Poleski Park Narodowy (PL) | Samsø Landboforening (DK) | CONSORCI BESOS TORDERA (ES)",culturomics,https://cordis.europa.eu/project/id/101181351
5,"POSTDOC FELLOWSHIP - requires PhD already, not applicable pre-PhD",Fate of cGAMP,Comprehensive Discovery of Cell-Autonomous Mechanisms Regulating cGAMP,HORIZON-TMA-MSCA-PF-EF,2027-09-01,2029-08-31,"292118,88",ECOLE POLYTECHNIQUE FEDERALE DE LAUSANNE,CH,LAUSANNE,http://www.epfl.ch,https://ec.europa.eu/info/funding-tenders/opportunities/portal/screen/contact-form/project/999973971/101277740,0,,trade,https://cordis.europa.eu/project/id/101277740
5,PI-HELD GRANT - cold outreach to coordinator,BEYOND BARRIERS,Building Bridges for Equitable Opportunities for Underrepresented and Marginalized Researchers in the European Research Area,HORIZON-RIA,2026-09-01,2029-08-31,"1999583,75",UNIVERSITETET I OSLO,NO,Oslo,http://www.uio.no,https://ec.europa.eu/info/funding-tenders/opportunities/portal/screen/contact-form/project/999975814/101292911,10,ELTE TARSADALOMTUDOMANYI KUTATOKOZPONT (HU) | VEREIN DER EUROPAISCHEN BURGEWISSENSCHAFTEN - ECSA EV (DE) | UNIVERSITAT AUTONOMA DE BARCELONA (ES) | MIGRANTS' CITIZEN SCIENCE ASSOCIATION (NO) | MARIUPOL STATE UNIVERSITY (UA) | Masarykova univerzita (CZ) | UNIVERSITE CATHOLIQUE DE LOUVAIN (BE) | Conanan Christlin Joy (PH) | INKLUZIO s.r.o (CZ) | ALL EUROPEAN ACADEMIES (ALLEA) e.V. (DE),culturomics,https://cordis.europa.eu/project/id/101292911
5,PI-HELD GRANT - cold outreach to coordinator,CITADEL,"CITizenship And DEmocracy through policy Labs: Inclusive Transitions for Participation, Trust and Fair Governance",HORIZON-RIA,2026-09-01,2029-08-31,"4319893,05",UC LIMBURG,BE,DIEPENBEEK,http://www.ucll.be,https://ec.europa.eu/info/funding-tenders/opportunities/portal/screen/contact-form/project/998390737/101289021,11,VEREIN DER EUROPAISCHEN BURGEWISSENSCHAFTEN - ECSA EV (DE) | THE HUB NICOSIA LTD (CY) | VIDZEMES AUGSTSKOLA (LV) | NATIONAL INSTITUTE FOR STATISTICS (RO) | ACADEMIA DE STUDII ECONOMICE DIN BUCURESTI (RO) | CESU NOVADA PASVALDIBA (LV) | ARADIPPOU MUNICIPALITY (CY) | STAD HASSELT (BE) | MAGYAR AGRAR- ES ELETTUDOMANYI EGYETEM (HU) | UNIVERSITATEA LUCIAN BLAGA DIN SIBIU (RO) | Keszthely Város Önkormányzata (HU),culturomics,https://cordis.europa.eu/project/id/101289021
5,PI-HELD GRANT - cold outreach to coordinator,NuBau,NuBau - Enabling the beautiful re-assembly of reclaimed structural components at scale,HORIZON-RIA,2026-09-01,2029-08-31,"3995816,33",THE QUEEN'S UNIVERSITY OF BELFAST,UK,BELFAST,http://www.qub.ac.uk,https://ec.europa.eu/info/funding-tenders/opportunities/portal/screen/contact-form/project/999992013/101309038,8,OVE ARUP & PARTNERS IRELAND LIMITED (IE) | GXN AS (DK) | POLITECNICO DI TORINO (IT) | BANAGHER PRECAST CONCRETE LIMITED (IE) | THE STONEMASONRY COMPANY LIMITED (UK) | POLITECHNIKA WROCLAWSKA (PL) | AUTORITA DI SISTEMA PORTUALE DEL MARE ADRIATICO SETTENTRIONALE - PORTIDI VENEZIA E CHIOGGIA (IT) | FRED PILBROW & PARTNERS LTD (UK),culturomics,https://cordis.europa.eu/project/id/101309038
5,PI-HELD GRANT - cold outreach to coordinator,BRONEB,Brownian particles in nonequilibrium baths,HORIZON-ERC,2024-10-01,2029-09-30,"2493593,75",UNIVERSITAT KONSTANZ,DE,Konstanz,http://www.uni-konstanz.de/,https://ec.europa.eu/info/funding-tenders/opportunities/portal/screen/contact-form/project/999866204/101141477,0,,trade,https://cordis.europa.eu/project/id/101141477
5,PI-HELD GRANT - cold outreach to coordinator,IneQint,Inequality and Integration,HORIZON-ERC,2024-10-01,2029-09-30,"3459992,75",STIFTELSEN INSTITUTET FOR FRAMTIDSSTUDIER,SE,STOCKHOLM,http://www.framtidsstudier.se,https://ec.europa.eu/info/funding-tenders/opportunities/portal/screen/contact-form/project/968639382/101142895,1,"THE CHANCELLOR, MASTERS AND SCHOLARS OF THE UNIVERSITY OF OXFORD (UK)",culturomics,https://cordis.europa.eu/project/id/101142895
5,PI-HELD GRANT - cold outreach to coordinator,PITT-Inflame,Platelet-derived Integrin- and Tetraspanin-enriched Tethers as key effectors in thrombo-Inflammation,HORIZON-ERC,2024-10-01,2029-09-30,2499250,UNIVERSITAETSKLINIKUM WUERZBURG - KLINIKUM DER BAYERISCHEN JULIUS-MAXIMILIANS-UNIVERSITAT,DE,WURZBURG,https://www.ukw.de/startseite/,https://ec.europa.eu/info/funding-tenders/opportunities/portal/screen/contact-form/project/997297353/101142067,0,,trade,https://cordis.europa.eu/project/id/101142067
5,PI-HELD GRANT - cold outreach to coordinator,MADCAM,Microbiota-controlled trafficking of immunosuppressive intestinal T cells into cancer,HORIZON-ERC,2024-10-01,2029-09-30,2487834,INSTITUT GUSTAVE ROUSSY,FR,Villejuif,http://www.igr.fr,https://ec.europa.eu/info/funding-tenders/opportunities/portal/screen/contact-form/project/999454924/101142062,0,,trade,https://cordis.europa.eu/project/id/101142062
5,PI-HELD GRANT - cold outreach to coordinator,Trees4Adapt,Addressing complex risks from climate change and biodiversity loss across systems and scales: Leveraging the potential of tree-based solutions for adaptation in Europe,HORIZON-RIA,2025-10-01,2029-09-30,3999290,LUONNONVARAKESKUS,FI,Helsinki,http://www.luke.fi,https://ec.europa.eu/info/funding-tenders/opportunities/portal/screen/contact-form/project/934887262/101213184,11,UNIVERSITEIT GENT (BE) | JULIUS-MAXIMILIANS-UNIVERSITAT WURZBURG (DE) | INTERNATIONALES INSTITUT FUER ANGEWANDTE SYSTEMANALYSE (AT) | PROSPEX INSTITUTE (BE) | ILMATIETEEN LAITOS (FI) | ALBERT-LUDWIGS-UNIVERSITAET FREIBURG (DE) | ROYAL HOLLOWAY AND BEDFORD NEW COLLEGE (UK) | INSTITUTO DE GEOGRAFIA E ORDENAMENTO DO TERRITORIO DA UNIVERSIDADE DELISBOA (PT) | INSTITUTO SUPERIOR DE AGRONOMIA (PT) | ERINN INNOVATION LIMITED (IE) | TURUN YLIOPISTO (FI),"biodiv,spatial",https://cordis.europa.eu/project/id/101213184
5,PI-HELD GRANT - cold outreach to coordinator,NitroScope,Scoping European N fluxes for sustainable N management and conservation practices,HORIZON-RIA,2025-10-01,2029-09-30,"11410906,25",UNIVERSITEIT GENT,BE,GENT,http://www.ugent.be,https://ec.europa.eu/info/funding-tenders/opportunities/portal/screen/contact-form/project/999986096/101218902,24,"HAHN-SCHICKARD-GESELLSCHAFT FUR ANGEWANDTE FORSCHUNG EV (DE) | CENTRE WALLON DE RECHERCHES AGRONOMIQUES (BE) | NORGES MILJO-OG BIOVITENSKAPELIGE UNIVERSITET (NO) | SEINAJOEN AMMATTIKORKEAKOULU OY (FI) | HELSINGIN YLIOPISTO (FI) | TARTU ULIKOOL (EE) | POLYTECHNEIO KRITIS (EL) | GEOPONIKO PANEPISTIMION ATHINON (EL) | Cà Colonna srl - Societa Agricola (IT) | FCIENCIAS.ID - ASSOCIACAO PARA A INVESTIGACAO E DESENVOLVIMENTO DE CIENCIAS (PT) | FACULDADE DE CIENCIAS DA UNIVERSIDADE DE LISBOA (PT) | CESKA ZEMEDELSKA UNIVERZITA V PRAZE (CZ) | INSTYTUT UPRAWY NAWOZENIA I GLEBOZNAWSTWA, PANSTWOWY INSTYTUT BADAWCZY (PL) | THE UNIVERSITY OF EDINBURGH (UK) | MITTETULUNDUSUHING POLLUKULTUURIDEKLASTER (EE) | INSTITUT ZA RAZVOJ I INOVACIJE - IRI (RS) | PRINSUS I.K.E. TECHNOVLASTOS (EL) | RHEINLAND-PFALZISCHE TECHNISCHE UNIVERSITAT (DE) | GEOSYS (FR) | LEIBNIZ-INSTITUT FUR GEMUSE- UND ZIERPFLANZENBAU GROSSBEEREN/ERFURT EV (DE) | CESENS TECHNOLOGIES SOCIEDAD LIMITADA (ES) | ENA SYMVOULOI ANAPTYXIS G P (EL) | FACHHOCHSCHULE NORDWESTSCHWEIZ FHNW (CH) | EIDGENOESSISCHES DEPARTEMENT FUER WIRTSCHAFT, BILDUNG UND FORSCHUNG (CH)","biodiv,spatial",https://cordis.europa.eu/project/id/101218902
5,PI-HELD GRANT - cold outreach to coordinator,JUSTITIA,Forensic Digital Twins for Judicial-Grade Cybercrime Reconstruction and Cross-Border Evidence Integrity,HORIZON-RIA,2026-10-01,2029-09-30,"2980656,25",ELLINIKO MESOGEIAKO PANEPISTIMIO,EL,HERAKLION,,https://ec.europa.eu/info/funding-tenders/opportunities/portal/screen/contact-form/project/899132771/101309214,9,"IOTAM INTERNET OF THINGS APPLICATIONS AND MULTI LAYER DEVELOPMENT LTD (CY) | AYUNTAMIENTO DE MADRID (ES) | SISAMINISTERIO (SM) (FI) | Ministerio da Justica (PT) | SERVICIUL DE PROTECTIE SI PAZA (RO) | ATHINA-EREVNITIKO KENTRO KAINOTOMIAS STIS TECHNOLOGIES TIS PLIROFORIAS, TON EPIKOINONION KAI TIS GNOSIS (EL) | VRIJE UNIVERSITEIT BRUSSEL (BE) | K3Y (BG) | DIOIKISI 6IS YGEIONOMIKIS PERIFEREIAS PELOPONNISOU IONION NYSON IPEIROU KAI DYTIKIS ELLADAS (EL)",culturomics,https://cordis.europa.eu/project/id/101309214
5,PI-HELD GRANT - cold outreach to coordinator,MARITIME,Monitoring and Reporting of Illegal Trafficking and Maritime Enforcement,HORIZON-IA,2026-10-01,2029-09-30,"3294421,38",SOFTWARE IMAGINATION AND VISION SRL,RO,BUCURESTI,,https://ec.europa.eu/info/funding-tenders/opportunities/portal/screen/contact-form/project/897024185/101309199,11,HAVELSAN HAVA ELEKTRONIK SANAYI VE TICARET (TR) | FUNDACIO EURECAT (ES) | D7 TECHNOLOGY JOINT STOCK COMPANY (TR) | SUNERIS SOLUTION (FR) | ATECHSYS ENGINEERING (FR) | F6S EU TECH INNOVATION NETWORK DAC (IE) | ISTITUTO DI SOCIOLOGIA INTERNAZIONALE DI GORIZIA (IT) | GARDA DE COASTA (RO) | CIVIPOL (FR) | MINISTERE DE L'INTERIEUR (FR) | HOME OFFICE (UK),trade,https://cordis.europa.eu/project/id/101309199
5,PI-HELD GRANT - cold outreach to coordinator,Ruralise,Ruralise - Revitalising Rural Communities,HORIZON-RIA,2026-09-01,2029-10-31,"5976798,96",INSTITUTE FOR EUROPEAN ENERGY AND CLIMATE POLICY STICHTING,NL,Amsterdam,,https://ec.europa.eu/info/funding-tenders/opportunities/portal/screen/contact-form/project/923763690/101288580,16,"THE UNIVERSITY OF MANCHESTER (UK) | MAPPING FOR CHANGE CIC (UK) | POLITECNICO DI MILANO (IT) | RESEAU EUROPEEN POUR DES INITIATIVES COMMUNAUTAIRES SUR LES CHANGEMENTS CLIMATIQUES ET LE DEVELOPPEMENT DURABLE (BE) | UNIVERSITY OF PIRAEUS RESEARCH CENTER (EL) | UNIVERSITY COLLEGE DUBLIN, NATIONAL UNIVERSITY OF IRELAND, DUBLIN (IE) | SAVILLS (UK) LTD (UK) | UNIVERSITA DEGLI STUDI DI FERRARA (IT) | NTNU SAMFUNNSFORSKNING AS (NO) | ITA-SUOMEN YLIOPISTO (FI) | SDRUZHENIE SAYUZ NA ASOTSIATSIITE NA SOBSTVENITSI (BG) | PERIFEREIAKO TAMEIO ANAPTIXIS DYTIKIS MAKEDONIAS (EL) | OSTFOLD FYLKESKOMMUNE (NO) | Heinäveden kunta (FI) | DELTA 2000 SOCIETA CONSORTILE RESPONSABILITA LIMITATA (IT) | PODSLON ZA CHOVECHESTVOTO (BG)",culturomics,https://cordis.europa.eu/project/id/101288580
5,PI-HELD GRANT - cold outreach to coordinator,GreenFrontier,Politics of Conservation and Unequal Ecological Exchange in European Peripheries,HORIZON-ERC,2024-12-01,2029-11-30,1499976,WAGENINGEN UNIVERSITY,NL,Wageningen,http://www.wageningenur.nl/nl.htm,https://ec.europa.eu/info/funding-tenders/opportunities/portal/screen/contact-form/project/999981634/101161589,0,,"biodiv,spatial",https://cordis.europa.eu/project/id/101161589
5,PI-HELD GRANT - cold outreach to coordinator,DOMESTIC,The role of domestic markets and public policy for sustainable food systems: the case of Brazil,HORIZON-ERC,2025-01-01,2029-12-31,1499614,UNIVERSITE CATHOLIQUE DE LOUVAIN,BE,LOUVAIN LA NEUVE,http://www.uclouvain.be,https://ec.europa.eu/info/funding-tenders/opportunities/portal/screen/contact-form/project/999980664/101162844,0,,culturomics,https://cordis.europa.eu/project/id/101162844
5,PI-HELD GRANT - cold outreach to coordinator,UNRAVEL,Unravelling extracellular vesicle heterogeneity to inspire improved therapeutic RNA delivery systems,HORIZON-ERC,2025-02-01,2030-01-31,2000000,UNIVERSITAIR MEDISCH CENTRUM UTRECHT,NL,Utrecht,http://www.umcutrecht.nl,https://ec.europa.eu/info/funding-tenders/opportunities/portal/screen/contact-form/project/999915189/101125348,0,,trade,https://cordis.europa.eu/project/id/101125348
5,PI-HELD GRANT - cold outreach to coordinator,DATAGOV,Governance by data infrastructure in the post-pandemic democracy,HORIZON-ERC,2025-03-01,2030-02-28,2500000,UNIVERSITEIT VAN AMSTERDAM,NL,Amsterdam,https://worldsoflithium.eu/,https://ec.europa.eu/info/funding-tenders/opportunities/portal/screen/contact-form/project/999985708/101142006,0,,culturomics,https://cordis.europa.eu/project/id/101142006
5,PI-HELD GRANT - cold outreach to coordinator,MusicAnalytica,MusicAnalytica - Interdisciplining Music Studies through the Reconfiguration of Theoretical and Analytical Knowledge,HORIZON-CSA,2025-03-01,2030-02-28,"2498945,78",UNIVERSIDADE DE COIMBRA,PT,COIMBRA,http://www.uc.pt,https://ec.europa.eu/info/funding-tenders/opportunities/portal/screen/contact-form/project/997826391/101187606,0,,culturomics,https://cordis.europa.eu/project/id/101187606
5,PI-HELD GRANT - cold outreach to coordinator,WRAP,Western Rift Archaeology and Palaeoenvironment Project,HORIZON-ERC,2025-03-01,2030-02-28,1999870,UNIVERSIDADE DO ALGARVE,PT,FARO,http://www.ualg.pt,https://ec.europa.eu/info/funding-tenders/opportunities/portal/screen/contact-form/project/999863003/101170899,0,,"biodiv,spatial",https://cordis.europa.eu/project/id/101170899
5,PI-HELD GRANT - cold outreach to coordinator,DISINFORMED TEENS,Growing Up in the Digital Age of Disinformation,HORIZON-ERC,2025-03-01,2030-02-28,1500000,UNIVERSITEIT LEIDEN,NL,Leiden,http://www.universiteitleiden.nl,https://ec.europa.eu/info/funding-tenders/opportunities/portal/screen/contact-form/project/999974553/101164150,0,,culturomics,https://cordis.europa.eu/project/id/101164150
5,PI-HELD GRANT - cold outreach to coordinator,URSOILL,INNOVATIVE SOLUTIONS FOR SUSTAINABLE URBAN SOIL RESTORATION THROUGH LIVING LABS,HORIZON-RIA,2025-09-01,2030-02-28,"11999806,25",RISE RESEARCH INSTITUTES OF SWEDEN AB,SE,Boras,http://www.ri.se,https://ec.europa.eu/info/funding-tenders/opportunities/portal/screen/contact-form/project/999613422/101219012,33,STICHTING INSTITUTE FOR URBAN EXCELLENCE (NL) | ASOCIACION EMPRESARIAL CENTRO TECNOLOGICO DE LA ENERGIA Y DEL MEDIO AMBIENTE DE LA REGION DE MURCIA (ES) | ZABALA INNOVATION CONSULTING SA (ES) | TECHNISCHE UNIVERSITAET MUENCHEN (DE) | LEIBNIZ-INSTITUT FUR AGRARTECHNIK UND BIOOKONOMIE EV (DE) | EUROPEAN SCIENCE COMMUNICATION INSTITUTE (ESCI) GGMBH (DE) | GREENOVATE ! EUROPE (BE) | ESKILARA S KOOP TXIKIA (ES) | CLUSTER VIOOIKONOMIAS KAI PERIVALLONTOS DYTIKIS MAKEDONIAS (EL) | CHLIAPAS ANONYMOS VIOMICHANIKI KAI EMPORIKI ETAIREIA XYLOU (EL) | INNOVHUB - STAZIONI SPERIMENTALI PER L'INDUSTRIA SRL (IT) | LUXEMBOURG INSTITUTE OF SCIENCE AND TECHNOLOGY (LU) | POLIEDRA-CENTRO DI SERVIZIO E CONSULENZA DEL POLITECNICO DI MILANO SUPIANIFICAZIONE AMBIENTALE E TERRITORIALE CONSORZIO (IT) | POLITECNICO DI MILANO (IT) | SVERIGES LANTBRUKSUNIVERSITET (SE) | AYUNTAMIENTO DE FORUA (ES) | UNIVERSIDAD DEL PAIS VASCO/ EUSKAL HERRIKO UNIBERTSITATEA (ES) | CENTRO DE ESTUDIOS AMBIENTALES (ES) | ANONYMI ETAIREIA DIACHEIRISIS APORRIMMATON PER DYTIKIS MAKEDONIAS (EL) | DIMOS KOZANIS (EL) | DIMOS EORDAIAS (EL) | PERIFEREIA DYTIKHS MAKEDONIAS (EL) | PANEPISTIMIO DYTIKIS MAKEDONIAS (EL) | UNIVERSITA DEGLI STUDI DI TORINO (IT) | COMUNE DI TORINO (IT) | COMUNE DI MILANO (IT) | UNIVERSITA DEGLI STUDI DI MILANO (IT) | CITIZENS FOR ECOLOGICAL LEARNING  LIVING (LU) | GEOCONSEILS S.A. (LU) | INTERALIA SA (LU) | GEWATEC LUXEMBOURG SA (LU) | SOCIETE DE DEVELOPPEMENT AGORA SARL ET CIE (LU) | ADMINISTRATION DE L'ENVIRONNEMENT (LU),"biodiv,spatial",https://cordis.europa.eu/project/id/101219012
5,PI-HELD GRANT - cold outreach to coordinator,IMCross,Discovering how T6SS effectors are deployed in the recipient cytoplasm,HORIZON-ERC,2025-04-01,2030-03-31,1999188,TEL AVIV UNIVERSITY,IL,Tel Aviv,http://www.tau.ac.il/,https://ec.europa.eu/info/funding-tenders/opportunities/portal/screen/contact-form/project/999901609/101169966,0,,trade,https://cordis.europa.eu/project/id/101169966
5,PI-HELD GRANT - cold outreach to coordinator,LOUARN,"Lights in the nightsky and Ozone loss: Unravelling Atmosphere forcing from space with Radar, optics, and Novel citizen science",HORIZON-ERC,2025-04-01,2030-03-31,2459229,ILMATIETEEN LAITOS,FI,Helsinki,http://www.fmi.fi,https://ec.europa.eu/info/funding-tenders/opportunities/portal/screen/contact-form/project/999591306/101161971,0,,culturomics,https://cordis.europa.eu/project/id/101161971
5,PI-HELD GRANT - cold outreach to coordinator,NextGeneTx,Next generation versatile and effective AAV-mediated large gene delivery,HORIZON-ERC,2025-04-01,2030-03-31,1500000,FONDAZIONE TELETHON ETS,IT,ROMA,http://www.telethon.it,https://ec.europa.eu/info/funding-tenders/opportunities/portal/screen/contact-form/project/999448716/101164722,2,INNOVAVECTOR SRL (IT) | NEXT GENERATION DIAGNOSTIC SRL (IT),trade,https://cordis.europa.eu/project/id/101164722
5,"POSTDOC FELLOWSHIP - requires PhD already, not applicable pre-PhD",POLARIS,"Planktonic larvae in Arctic seas: diversity, connectivity and conservation",HORIZON-TMA-MSCA-PF-GF,2026-10-01,2030-03-31,"366657,36",UNIVERSITAT DE BARCELONA,ES,BARCELONA,http://www.ub.edu,https://ec.europa.eu/info/funding-tenders/opportunities/portal/screen/contact-form/project/999986387/101277500,2,UNIVERSITE LAVAL (CA) | STIFTELSEN VARLDSNATURFONDEN WWF (SE),"biodiv,spatial",https://cordis.europa.eu/project/id/101277500
5,PI-HELD GRANT - cold outreach to coordinator,SUNRISE,"EXTREME EVENTS IN A WARMING, UNEQUAL WORLD: LINKING DRIVERS TO IMPACTS FOR IMPROVED ATTRIBUTION, FORECASTING AND REGIONAL RESPONSES",HORIZON-RIA,2026-10-01,2030-03-31,"5993593,98",POLITECNICO DI MILANO,IT,Milano,http://www.polimi.it,https://ec.europa.eu/info/funding-tenders/opportunities/portal/screen/contact-form/project/999879881/101295874,18,POTSDAM-INSTITUT FUR KLIMAFOLGENFORSCHUNG EV (DE) | ALFRED-WEGENER-INSTITUT HELMHOLTZ-ZENTRUM FUR POLAR- UND MEERESFORSCHUNG (DE) | THE CYPRUS INSTITUTE (CY) | INSTITUTO SUPERIOR DE AGRONOMIA (PT) | CONSIGLIO NAZIONALE DELLE RICERCHE (IT) | ARISTOTELIO PANEPISTIMIO THESSALONIKIS (EL) | UNIVERSITEIT UTRECHT (NL) | GOETEBORGS UNIVERSITET (SE) | ETHNIKO KAI KAPODISTRIAKO PANEPISTIMIO ATHINON (EL) | ERASMUS UNIVERSITEIT ROTTERDAM (NL) | GFZ HELMHOLTZ-ZENTRUM FUR GEOFORSCHUNG (DE) | UNIVERSIDAD NACIONAL DE COLOMBIA (CO) | UNIVERSITY OF BRITISH COLUMBIA (CA) | LEHR-UND VERSUCHSANSTALT FURGARTENBAU UND ARBORISTIK EV(LVGA) (DE) | FINRES (FR) | UNIVERSITY OF GHANA (GH) | UNIVERSIDADE FEDERAL DO RIO DE JANEIRO (BR) | David Zimmerling (DE),culturomics,https://cordis.europa.eu/project/id/101295874
5,PI-HELD GRANT - cold outreach to coordinator,MaMo,Markets and Mobility: How Employers Structure Economic Opportunity,HORIZON-ERC,2025-05-01,2030-04-30,1499394,UNIVERSITY COLLEGE LONDON,UK,LONDON,http://www.ucl.ac.uk,https://ec.europa.eu/info/funding-tenders/opportunities/portal/screen/contact-form/project/999975620/101165962,0,,culturomics,https://cordis.europa.eu/project/id/101165962
5,PI-HELD GRANT - cold outreach to coordinator,LOTIS,Loneliness Across Time and Space,HORIZON-ERC,2025-06-01,2030-05-31,1998018,RUHR-UNIVERSITAET BOCHUM,DE,Bochum,http://www.ruhr-uni-bochum.de,https://ec.europa.eu/info/funding-tenders/opportunities/portal/screen/contact-form/project/999988812/101169640,0,,culturomics,https://cordis.europa.eu/project/id/101169640
5,PI-HELD GRANT - cold outreach to coordinator,NorseMap,Mapping the Reception and Legacy of the Vikings in Europe,HORIZON-ERC,2025-06-01,2030-05-31,1999519,"UNIVERSITY COLLEGE CORK -  NATIONAL UNIVERSITY OF IRELAND, CORK",IE,Cork,http://www.ucc.ie,https://ec.europa.eu/info/funding-tenders/opportunities/portal/screen/contact-form/project/999975717/101169706,0,,culturomics,https://cordis.europa.eu/project/id/101169706
5,PI-HELD GRANT - cold outreach to coordinator,TALENTUM,Technical Advancement and Learning for Technical Staff Upskilling and Mobility in European Research Infrastructures,HORIZON-CSA,2027-01-01,2030-06-30,"1497394,13",SCIENSANO,BE,ELSENE,http://www.sciensano.be,https://ec.europa.eu/info/funding-tenders/opportunities/portal/screen/contact-form/project/906160809/101292567,11,"PREMOTEC GMBH (CH) | ANALYSIS AND EXPERIMENTATION ON ECOSYSTEMS ERIC (FR) | AGENZIA NAZIONALE PER LE NUOVE TECNOLOGIE, L'ENERGIA E LO SVILUPPO ECONOMICO SOSTENIBILE (IT) | UNIVERSIDADE DE TRAS-OS-MONTES E ALTO DOURO (PT) | FUNDACION IBERCIVIS (ES) | UNIVERSITA DEGLI STUDI DI ROMA LA SAPIENZA (IT) | CESKA ZEMEDELSKA UNIVERZITA V PRAZE (CZ) | INSTITUT JOZEF STEFAN (SI) | CENTRO INTERNAZIONALE DI ALTISTUDI AGRONOMICI MEDITERRANEI (IT) | UNIVERSITAT ZURICH (CH) | UNIVERSITA DEGLI STUDI DI NAPOLI FEDERICO II (IT)",culturomics,https://cordis.europa.eu/project/id/101292567
5,PI-HELD GRANT - cold outreach to coordinator,KIDFLUENCER,"Towards a Kid-Centric, Dynamic and Hybrid Theory of Consumer Socialization to Understand the Dynamics and Implications of the Kidfluencer Phenomenon.",HORIZON-ERC,2025-09-01,2030-08-31,1999830,UNIVERSITEIT GENT,BE,GENT,http://www.ugent.be,https://ec.europa.eu/info/funding-tenders/opportunities/portal/screen/contact-form/project/999986096/101169786,0,,culturomics,https://cordis.europa.eu/project/id/101169786
5,PI-HELD GRANT - cold outreach to coordinator,MEMSUGAR,Mechanism of Sugar Transporters involved in Human Health and Disease,HORIZON-ERC,2025-09-01,2030-08-31,2500000,STOCKHOLMS UNIVERSITET,SE,Stockholm,http://www.su.se,https://ec.europa.eu/info/funding-tenders/opportunities/portal/screen/contact-form/project/999885022/101201464,0,,trade,https://cordis.europa.eu/project/id/101201464
5,PI-HELD GRANT - cold outreach to coordinator,m-CONNECT,"Management of Coastal Networks Nurtured through Ecosystem assessment, Collaboration and Technology",HORIZON-RIA,2026-09-01,2030-08-31,"5999294,46",LEIBNIZ-ZENTRUM FUR MARINE TROPENFORSCHUNG (ZMT) GMBH,DE,BREMEN,http://www.zmt-bremen.de,https://ec.europa.eu/info/funding-tenders/opportunities/portal/screen/contact-form/project/986128094/101291488,19,"THE SECRETARY OF STATE FOR ENVIRONMENT, FOOD AND RURAL AFFAIRS (UK) | AGENCIA ESTATAL CONSEJO SUPERIOR DE INVESTIGACIONES CIENTIFICAS (ES) | FUNDACAO PUSAT SEGITIGA KARANG (TL) | EOMAP GMBH & CO KG (DE) | FUGRO NV (NL) | INSTITUT PERTANIAN BOGOR (ID) | INSTITUT DE RECHERCHE POUR LE DEVELOPPEMENT (FR) | Marble Imaging GmbH (DE) | STICHTING NATURALIS BIODIVERSITY CENTER (NL) | STICHTING NEDERLANDSE WETENSCHAPPELIJK ONDERZOEK INSTITUTEN (NL) | SOLOMON ISLANDS NATIONAL UNIVERSITY (SB) | SEASCAPE BELGIUM (BE) | UNIVERSITAS HASANUDDIN (ID) | UNIVERSITA DEGLI STUDI DI TRENTO (IT) | UNIVERSITY OF LEEDS (UK) | UNIVERSITY OF WAIKATO (NZ) | Universitas Pattimura (ID) | Ministry of Fisheries, Oceans and Maritime Affairs (VU) | STICHTING VU (NL)","biodiv,spatial",https://cordis.europa.eu/project/id/101291488
5,PI-HELD GRANT - cold outreach to coordinator,Tools4Ocean,Toolbox for Integrated Monitoring and Action on Plastic Pollution from Land-to-Ocean Pathways,HORIZON-IA,2026-09-01,2030-08-31,"5498763,76",NORSK INSTITUTT FOR VANNFORSKNING STI,NO,Oslo,,https://ec.europa.eu/info/funding-tenders/opportunities/portal/screen/contact-form/project/997826585/101295540,14,AKVAPLAN NIVA AS (NO) | STIFTELSEN GRID ARENDAL (NO) | SALT RESEARCH AS (NO) | CENTRO INTERDISCIPLINAR DE INVESTIGACAO MARINHA E AMBIENTAL (PT) | STICHTING EUROCEAN (NL) | DEUTSCHES ZENTRUM FUR LUFT - UND RAUMFAHRT EV (DE) | VLAAMS INSTITUUT VOOR DE ZEE (BE) | UNIVERSITY OF PLYMOUTH (UK) | F&Z SOLUTIONS AS (NO) | OSLOMET - STORBYUNIVERSITETET (NO) | Hold Norge Rent (NO) | THE GREAT BUBBLE BARRIER B.V. (NL) | NORIA BV (NL) | The Ocean Cleanup Projects B.V. (NL),culturomics,https://cordis.europa.eu/project/id/101295540
5,PI-HELD GRANT - cold outreach to coordinator,RIPPLE,Reducing Impact of Plastic Pollution through Learning & Engagement,HORIZON-IA,2026-09-01,2030-08-31,"4897506,38",SVEUCILISTE U ZAGREBU ARHITEKTONSKI FAKULTET,HR,Zagreb,,https://ec.europa.eu/info/funding-tenders/opportunities/portal/screen/contact-form/project/953666850/101296045,17,"CoLab House (EL) | SYNETAIRISMOS ERGAZOMENON COMMONSPACE - ARCHITEKTONIKI, ASTIKOS SCHEDIASMOS, CHORIKES STRATIGIKES KAI SYMMETOCHIKOS SCHEDIASMOS (EL) | AGENCIA ESTATAL CONSEJO SUPERIOR DE INVESTIGACIONES CIENTIFICAS (ES) | KYVELI - ANAPTYXIAKOS ORGANISMOS TOPIKIS AFTODIOIKISIS MONOPROSOPI A.E. (EL) | EREVNITIKO PANEPISTIMIAKO INSTITOUTO SYSTIMATON EPIKOINONION KAI YPOLOGISTON (EL) | DECODE IKE (EL) | TRANSFOLAB BCN (ES) | TECHNAI TECHNOLOGY CULTURE AND SOCIETY SL (ES) | FABLAB UDRUGA ZA PROMICANJE DIGITALNE FABRIKACIJE (HR) | ASSOCIACIO LICHEN INNOVACION SOCIAL (ES) | REGIONALNA AGENCIJA DUNEA (HR) | INSTITUT PODUZETNICKOG OBRAZOVANJA I INOVACIJA (HR) | Zajednica tehnicke kulture Dubrovacko-neretvanske zupanije (HR) | TEAMLABS SL (ES) | SVEUCILISTE U DUBROVNIKU (HR) | Agencija za vodno podrucje Jadranskog mora Mostar (BA) | UNIVERZITET DZEMAL BIJEDIC U MOSTARU (BA)",culturomics,https://cordis.europa.eu/project/id/101296045
5,PI-HELD GRANT - cold outreach to coordinator,CarMine,Recovery of Critical and Strategic Raw Materials from End-of-Life Electric Vehicles,HORIZON-IA,2026-09-01,2030-08-31,"7070534,75",CENTITVC - CENTRO DE NANOTECNOLOGIAE MATERIAIS TECNICOS FUNCIONAIS EINTELIGENTES,PT,Uniao das Freguesias de Antas e Abade de Vermoim,https://www.centi.pt,https://ec.europa.eu/info/funding-tenders/opportunities/portal/screen/contact-form/project/998871760/101295553,10,"VEOLIA GESTAO DE RESIDUOS PORTUGAL, UNIPESSOAL, LDA (PT) | MAGNETI LJUBLJANA PODJETJE ZA PROIZVODNJO MAGNETNIH MATERIALOV DD (SI) | SARP INDUSTRIES (FR) | SINTEF AS (NO) | INEGI - INSTITUTO DE CIENCIA E INOVACAO EM ENGENHARIA MECANICA E ENGENHARIA INDUSTRIAL (PT) | ASOCIACION ESPANOLA DE NORMALIZACION (ES) | CIRCULARISE BV (NL) | Laboratorio Nacional de Energia e Geologia I.P. (PT) | BATTERY CLUSTER BAT ASSOCIACAO PORTUGUESA (PT) | MAGELLAN CIRCLE - EUROPEAN AFFAIRS CONSULTANCY, LDA (PT)",culturomics,https://cordis.europa.eu/project/id/101295553
5,PI-HELD GRANT - cold outreach to coordinator,BEETHOVEN,"Linking Brain, Environment and Ecosystems Through Holistic Omics and Validated Evidence-based Nutrition guidelines",HORIZON-RIA,2026-09-01,2030-08-31,"4939763,48",UNIVERSITAT FUR WEITERBILDUNG KREMS,AT,KREMS,http://www.donau-uni.ac.at,https://ec.europa.eu/info/funding-tenders/opportunities/portal/screen/contact-form/project/999865428/101266061,12,THE HEBREW UNIVERSITY OF JERUSALEM (IL) | WASSERKLUSTER LUNZ BIOLOGISCHE STATION GMBH (AT) | HELMHOLTZ-ZENTRUM FUR UMWELTFORSCHUNG GMBH - UFZ (DE) | ETHNIKO KAI KAPODISTRIAKO PANEPISTIMIO ATHINON (EL) | THE UNIVERSITY OF READING (UK) | OREBRO UNIVERSITY (SE) | ROEHAMPTON UNIVERSITY LBG (UK) | FUNDACIO INSTITUT UNIVERSITARI PERA LA RECERCA A L'ATENCIO PRIMARIA DE SALUT JORDI GOL I GURINA (ES) | ITA-SUOMEN YLIOPISTO (FI) | ANEUSTART LTD (IL) | SAFE FOOD ADVOCACY EUROPE (BE) | UNIVERSITAT BAYREUTH (DE),culturomics,https://cordis.europa.eu/project/id/101266061
5,PI-HELD GRANT - cold outreach to coordinator,CLEAR-WATER,Harmonising Aquatic Litter Monitoring and Assessment Across EU Waters,HORIZON-RIA,2026-09-01,2030-08-31,"5998047,96",MATIS OHF,IS,REYKJAVIK,http://www.matis.is,https://ec.europa.eu/info/funding-tenders/opportunities/portal/screen/contact-form/project/999766100/101292089,18,"AKVAPLAN NIVA AS (NO) | SINTEF OCEAN AS (NO) | INTERNATIONAL COUNCIL FOR THE EXPLORATION OF THE SEA (DK) | PARTIKAS DROSIBAS, DZIVNIEKU VESELIBAS UN VIDES ZINATNISKAIS INSTITUTSBIOR (LV) | SEAMOHT LTD (UK) | 4H - JENA ENGINEERING GMBH (DE) | UNIVERSITAT BAYREUTH (DE) | CITIZEN SCIENCE GLOBAL PARTNERSHIP (CSGP) - GLOBALE PARTNERSCHAFT FUER BUERGERWISSENSCHAFTEN (GPBW) (AT) | INTERNATIONALES INSTITUT FUER ANGEWANDTE SYSTEMANALYSE (AT) | UNIVERZA V LJUBLJANI (SI) | INFORDATA SISTEMI SRL SOCIETA BENEFIT (IT) | ISTITUTO SUPERIORE PER LA PROTEZIONE E LA RICERCA AMBIENTALE (IT) | SCITATION - SCIENCE COMMUNICATION,UNIPESSOAL LDA (PT) | ORGANIZATIA NEGUVERNAMENTALA ECOLOGISTA MARE NOSTRUM (RO) | HELLENIC CENTRE FOR MARINE RESEARCH (EL) | SCIDRONES TEXNOVLASTOS IKE (EL) | KVALE KARIN FRANCES (NZ) | INTERNATIONAL ATOMIC ENERGY AGENCY (AT)",culturomics,https://cordis.europa.eu/project/id/101292089
5,PI-HELD GRANT - cold outreach to coordinator,HyperSense,"REMOTE MICROSCOPY, NANOSCOPY AND PICOSCOPY BY HYPERSPECTRAL LIDAR",HORIZON-ERC,2025-10-01,2030-09-30,2597500,LUNDS UNIVERSITET,SE,Lund,http://www.lu.se,https://ec.europa.eu/info/funding-tenders/opportunities/portal/screen/contact-form/project/999901318/101170019,0,,"biodiv,spatial",https://cordis.europa.eu/project/id/101170019
5,PI-HELD GRANT - cold outreach to coordinator,MIETEN,Metal-Induced Energy Transfer based Electrometry and Nanometry: Dissecting Electrostatic Phenomena in Biological Processes,HORIZON-ERC,2025-10-01,2030-09-30,2495360,"THE CHANCELLOR, MASTERS AND SCHOLARS OF THE UNIVERSITY OF OXFORD",UK,Oxford,http://www.ox.ac.uk,https://ec.europa.eu/info/funding-tenders/opportunities/portal/screen/contact-form/project/999984350/101164162,2,FUNDACION IMDEA NANOCIENCIA (ES) | THE ROSALIND FRANKLIN INSTITUTE (UK),trade,https://cordis.europa.eu/project/id/101164162
5,PI-HELD GRANT - cold outreach to coordinator,DigiWaves,"Towards transparent and sustainable European fisheries through digital innovation in monitoring, control and surveillance",HORIZON-IA,2026-10-01,2030-09-30,"6049787,63",EIGEN VERMOGEN VAN HET INSTITUUT VOOR LANDBOUW- EN VISSERIJONDERZOEK,BE,Merelbeke,http://www.ilvo.vlaanderen.be,https://ec.europa.eu/info/funding-tenders/opportunities/portal/screen/contact-form/project/998175591/101289878,21,"DANMARKS TEKNISKE UNIVERSITET (DK) | STICHTING WAGENINGEN RESEARCH (NL) | REFRAME FOOD ASTIKI MI KERDOSKOPIKI ETAIRIA (EL) | SINTEF OCEAN AS (NO) | FUNDACION AZTI - AZTI FUNDAZIOA (ES) | SCIO IKE (EL) | FISKERIDIREKTORATET (NO) | HELLENIC CENTRE FOR MARINE RESEARCH (EL) | ARMEMENT ENEZ DU (FR) | ZUNIBAL SL (ES) | SINAY (FR) | ANCHOR LAB KS (DK) | THE UNIVERSITY COURT OF THE UNIVERSITY OF ST ANDREWS (UK) | THE SECRETARY OF STATE FOR ENVIRONMENT, FOOD AND RURAL AFFAIRS (UK) | ELECTRONIC FISH INFORMATION CENTRE EUROPE B.V (NL) | COLLECTE LOCALISATION SATELLITES (FR) | WORLD WIDE FUND FOR NATURE GREECE (EL) | FONDAZIONE WWF MEDITERRANEAN (IT) | WWF EUROPEAN POLICY PROGRAMME (BE) | ADIGO AS (NO) | DANMARKS FISKERIFORENING PRODUCENTORGANISATION (DK)",culturomics,https://cordis.europa.eu/project/id/101289878
5,PI-HELD GRANT - cold outreach to coordinator,ROWER,Restoring Oceans and Waters in European Regions,HORIZON-IA,2026-10-01,2030-09-30,"12543239,75",TARTU ULIKOOL,EE,TARTU,http://www.ut.ee,https://ec.europa.eu/info/funding-tenders/opportunities/portal/screen/contact-form/project/999895013/101294308,34,"KLIIMAMINISTEERIUM (EE) | STICHTING HUMMEL FOUNDATION FOR SUSTAINABLE SOLUTIONS (NL) | E-SCIENCE EUROPEAN INFRASTRUCTURE FOR BIODIVERSITY AND ECOSYSTEM RESEARCH (ES) | KLAIPEDOS UNIVERSITETAS (LT) | CURONIAN SPIT NATIONAL PARK DIRECTORATE (LT) | Mazosios Lietuvos saugomu teritoriju direkcija (LT) | VALSTYBINE SAUGOMU TERITORIJU TARNYBA PRIE APLINKOS MINISTERIJOS (LT) | UNIWERSYTET GDANSKI (PL) | INTERNATIONAL ESTUARINE & COASTAL SPECIALISTS LTD (UK) | ENVIRONMENT AGENCY (UK) | HUMBER NATURE PARTNERSHIP (UK) | AKVAPLAN NIVA AS (NO) | PORSANGER KOMMUNE (NO) | LONGYEARBYEN LOKALSTYRE (NO) | ARDITI - AGENCIA REGIONAL PARA O DESENVOLVIMENTO DA INVESTIGACAO, TECNOLOGIA E INOVACAO - ASSOCIACAO (PT) | SECRETARIA REGIONAL DE TURISMO, AMBIENTE E CULTURA (PT) | CONSIGLIO NAZIONALE DELLE RICERCHE (IT) | COMUNE DI CABRAS (IT) | HELLENIC CENTRE FOR MARINE RESEARCH (EL) | KRITI (EL) | UNIVERSITATEA DIN BUCURESTI (RO) | INSTITUTUL NATIONAL DE CERCETARE-DEZVOLTARE DELTA DUNARII (RO) | DANUBE DELTA BIOSPHERE RESERVE AUTHORITY (RO) | MINISTERUL MEDIULUI, APELOR SI PADURILOR (RO) | ISTANBUL UNIVERSITESI (TR) | KARADENIZ TEKNIK UNIVERSITESI (TR) | MINISTRY OF AGRICULTURE AND FORESTRY (TR) | UNIVERSITY OF CANTERBURY (NZ) | CHRISTCHURCH CITY COUNCIL (NZ) | REGIONAL ACTIVITY CENTRE FOR SPECIALLY PROTECTED AREAS (TN) | Slowinski Park Narodowy (PL) | Adalar Belediyesi (TR) | HAVFORSKNINGSINSTITUTTET (NO) | UNIVERSITETSSENTERET PA SVALBARD AS (NO)",culturomics,https://cordis.europa.eu/project/id/101294308
5,PI-HELD GRANT - cold outreach to coordinator,MAGICON,MAterials Genome engineering for re-Inventing CONcrete,HORIZON-ERC,2025-11-01,2030-10-31,2499407,TECHNISCHE UNIVERSITEIT DELFT,NL,Delft,http://www.tudelft.nl,https://ec.europa.eu/info/funding-tenders/opportunities/portal/screen/contact-form/project/999977366/101200311,0,,culturomics,https://cordis.europa.eu/project/id/101200311
5,PI-HELD GRANT - cold outreach to coordinator,JUST-COAST,"Justice-Driven Integrated Transformation for Climate-Resilient Coastal Futures: Co-creating just, systemic, and inclusive solutions for transformative adaptation in vulnerable coastal hotspots",HORIZON-IA,2026-11-01,2030-10-31,"9977080,63",LABORATORIO NACIONAL DE ENGENHARIA CIVIL,PT,Lisboa,http://www.lnec.pt,https://ec.europa.eu/info/funding-tenders/opportunities/portal/screen/contact-form/project/998850517/101296129,29,"COMITE DES DONNEES SCIENTIFIQUES ETTECHNOLOGIQUES ASSOCIATION (FR) | NATIONAL CENTER FOR SCIENTIFIC RESEARCH """"DEMOKRITOS"""""""" (EL) | ARTELIA (FR) | IANUS TECHNOLOGIES LTD (CY) | APA-ADMINISTRACAO DO PORTO DE AVEIRO SA (PT) | CAMBIAMO SOCIEDAD COOPERATIVA MADRILENA (ES) | THE CHANCELLOR MASTERS AND SCHOLARS OF THE UNIVERSITY OF CAMBRIDGE (UK) | CORILA - CONSORZIO PER IL COORDINAMENTO DELLE RICERCHE INERENTI AL SISTEMA LAGUNARE DI VENEZIA (IT) | SYDDANSK UNIVERSITET (DK) | UNIVERSITATEA NATIONALA DE STIINTASI TEHNOLOGIE POLITEHNICA BUCURESTI (RO) | INSTITUTUL NATIONAL DE CERCETARE-DEZVOLTARE DELTA DUNARII (RO) | SOFIA UNIVERSITY ST KLIMENT OHRIDSKI (BG) | OBSHTINA BURGAS (BG) | UNIVERSIDADE DE AVEIRO (PT) | TECHNOVATIVE SOLUTIONS LTD (UK) | TECHNOVATIVE SOLUTIONS LIMITED (IE) | MERSIN BUYUKSEHIR BELEDIYESI (TR) | SINIRLI SORUMLU KAFADEMI BILIMSEL ARASTIRMA VE GELISTIRME KOOPERATIFI (TR) | PORTOS DOS ACORES SA (PT) | UNITED KINGDOM RESEARCH AND INNOVATION (UK) | EUROPEAN INTEGRATED PROJECT (RO) | GRAND PORT MARITIME DE LA GUADELOUPE (FR) | MAZOTOS COMMUNITY COUNCIL (CY) | DIAXIRISTIS ETHNIKOU SISTIMATOS FISIKOU AERIOU ANONIMI ETERIA. HELLENIC GAS TRANSMISSION SYSTEM OPERATOR (EL) | ADELPHI RESEARCH GEMEINNÜTZIGE GMBH (DE) | MINISTERU GHALL-AGRIKOLTURA, IS-SAJD U D-DRITTIJIET TAL-ANNIMALI (MT) | COMUNE DI VENEZIA (IT) | DANUBE DELTA BIOSPHERE RESERVE AUTHORITY (RO) | INSTITUTIA PREFECTULUI JUDETUL TULCEA (RO)",culturomics,https://cordis.europa.eu/project/id/101296129
5,PI-HELD GRANT - cold outreach to coordinator,UNDERGOV,The Underbelly of Migration Governance: Exploring the Intersection of Transnational Crime and Migration Governance,HORIZON-ERC,2025-12-01,2030-11-30,1999392,SCUOLA SUPERIORE DI STUDI UNIVERSITARI E DI PERFEZIONAMENTO S ANNA,IT,PISA,http://www.santannapisa.it,https://ec.europa.eu/info/funding-tenders/opportunities/portal/screen/contact-form/project/999884731/101170767,0,,trade,https://cordis.europa.eu/project/id/101170767
5,PI-HELD GRANT - cold outreach to coordinator,BYGENEX,Unveiling oceanic bacterivory through gene expression,HORIZON-ERC,2025-12-01,2030-11-30,2498215,AGENCIA ESTATAL CONSEJO SUPERIOR DE INVESTIGACIONES CIENTIFICAS,ES,MADRID,http://www.csic.es,https://ec.europa.eu/info/funding-tenders/opportunities/portal/screen/contact-form/project/999991722/101198091,0,,trade,https://cordis.europa.eu/project/id/101198091
5,PI-HELD GRANT - cold outreach to coordinator,ENCODED,Encoded Knowledge: Epistemology of  Computer Technology in Modern Economics,HORIZON-ERC,2025-12-01,2030-11-30,1999968,KOBENHAVNS UNIVERSITET,DK,KOBENHAVN,http://www.ku.dk,https://ec.europa.eu/info/funding-tenders/opportunities/portal/screen/contact-form/project/999991043/101170559,0,,culturomics,https://cordis.europa.eu/project/id/101170559
5,PI-HELD GRANT - cold outreach to coordinator,SuTra,Surveillance of Translation: From Molecular Mechanisms to Roles in Disease,HORIZON-ERC,2026-01-01,2030-12-31,2499925,RUPRECHT-KARLS-UNIVERSITAET HEIDELBERG,DE,Heidelberg,http://www.uni-heidelberg.de,https://ec.europa.eu/info/funding-tenders/opportunities/portal/screen/contact-form/project/999987648/101201575,0,,trade,https://cordis.europa.eu/project/id/101201575
5,PI-HELD GRANT - cold outreach to coordinator,COLLABOR,Collusion and Imperfect Competition in Labor Markets: A Unified Approach,HORIZON-ERC,2026-01-01,2030-12-31,1383447,THE UNIVERSITY OF EDINBURGH,UK,Edinburgh,http://www.ed.ac.uk/home,https://ec.europa.eu/info/funding-tenders/opportunities/portal/screen/contact-form/project/999974941/101220912,0,,trade,https://cordis.europa.eu/project/id/101220912
5,DOCTORAL NETWORK - structured PhD recruitment,SOLSTIS,Highly Efficient and Stable Organic Photovoltaic Indoor Sensors,HORIZON-TMA-MSCA-DN,2027-01-01,2030-12-31,"4880710,08",CENTRE NATIONAL DE LA RECHERCHE SCIENTIFIQUE CNRS,FR,Paris,http://www.cnrs.fr,https://ec.europa.eu/info/funding-tenders/opportunities/portal/screen/contact-form/project/999997930/101312390,20,"THE CHANCELLOR, MASTERS AND SCHOLARS OF THE UNIVERSITY OF OXFORD (UK) | POLAR ELECTRO OY (FI) | CARDLAB INNOVATION APS (DK) | DRACULA TECHNOLOGIES (FR) | SYDDANSK UNIVERSITET (DK) | INNOCELL APS (DK) | THE UNIVERSITY OF EDINBURGH (UK) | UNIVERSITE D'AIX MARSEILLE (FR) | ASTON UNIVERSITY (UK) | UNIVERSITE CATHOLIQUE DE LOUVAIN (BE) | OULUN YLIOPISTO (FI) | ELECTRONIQUE ORGANIQUE BRILLIANT MATTERS INC (CA) | E-PEAS (BE) | KING ABDULLAH UNIVERSITY OF SCIENCE AND TECHNOLOGY (SA) | UNIVERSITE DE LIMOGES (FR) | Nano-C, Inc. (US) | Universidade de São Paulo - Escola de Artes, Ciências e Humanidades (BR) | TEKNOLOGIAN TUTKIMUSKESKUS VTT OY (FI) | NATIONAL  RESEARCH COUNCIL CANADA (CA) | UNIVERSITE DE PAU ET DES PAYS DE L'ADOUR (FR)",culturomics,https://cordis.europa.eu/project/id/101312390
5,PI-HELD GRANT - cold outreach to coordinator,RestMod,Guiding restoration by improving ecosystem models​,HORIZON-RIA,2026-09-01,2031-02-28,"5999999,05",LUONNONVARAKESKUS,FI,Helsinki,http://www.luke.fi,https://ec.europa.eu/info/funding-tenders/opportunities/portal/screen/contact-form/project/934887262/101283436,11,EIGEN VERMOGEN VAN HET INSTITUUT VOOR NATUUR- EN BOSONDERZOEK (BE) | USTAV VYZKUMU GLOBALNI ZMENY AV CR VVI (CZ) | JYVASKYLAN YLIOPISTO (FI) | SVERIGES LANTBRUKSUNIVERSITET (SE) | LUNDS UNIVERSITET (SE) | INTERNATIONALES INSTITUT FUER ANGEWANDTE SYSTEMANALYSE (AT) | E-SCIENCE EUROPEAN INFRASTRUCTURE FOR BIODIVERSITY AND ECOSYSTEM RESEARCH (ES) | UNIVERSIDAD POLITECNICA DE MADRID (ES) | TECHNISCHE UNIVERSITAET MUENCHEN (DE) | UNIVERSIDADE DE EVORA (PT) | AARHUS UNIVERSITET (DK),"biodiv,spatial",https://cordis.europa.eu/project/id/101283436
5,PI-HELD GRANT - cold outreach to coordinator,PARENTALHOPE,Parenting in Times of Global Uncertainty: Understanding and Cultivating Parental Hope,HORIZON-ERC,2026-09-01,2031-08-31,2000000,UNIVERSITEIT VAN AMSTERDAM,NL,Amsterdam,https://worldsoflithium.eu/,https://ec.europa.eu/info/funding-tenders/opportunities/portal/screen/contact-form/project/999985708/101230415,0,,culturomics,https://cordis.europa.eu/project/id/101230415
5,PI-HELD GRANT - cold outreach to coordinator,DAMAGED,DamAged memories: organelle heterogeneity en route to T cell diversity,HORIZON-ERC,2026-09-01,2031-08-31,1499672,UNIVERSITAT BASEL,CH,Basel,http://www.unibas.ch,https://ec.europa.eu/info/funding-tenders/opportunities/portal/screen/contact-form/project/999907914/101222043,0,,trade,https://cordis.europa.eu/project/id/101222043
5,PI-HELD GRANT - cold outreach to coordinator,DeepCattle,"The Deep History of Commercial Cattle Farming in Europe, c.1240-1840 AD",HORIZON-ERC,2026-09-01,2031-08-31,1999982,"UNIVERSITY COLLEGE CORK -  NATIONAL UNIVERSITY OF IRELAND, CORK",IE,Cork,http://www.ucc.ie,https://ec.europa.eu/info/funding-tenders/opportunities/portal/screen/contact-form/project/999975717/101230518,0,,"biodiv,spatial",https://cordis.europa.eu/project/id/101230518
5,PI-HELD GRANT - cold outreach to coordinator,ADAPTA,Tropical forest adaptation to a changing biosphere,HORIZON-ERC,2026-09-01,2031-08-31,2998750,IMPERIAL COLLEGE OF SCIENCE TECHNOLOGY AND MEDICINE,UK,London,http://www.imperial.ac.uk,https://ec.europa.eu/info/funding-tenders/opportunities/portal/screen/contact-form/project/999993468/101231095,0,,"biodiv,spatial",https://cordis.europa.eu/project/id/101231095
5,PI-HELD GRANT - cold outreach to coordinator,EWINCOL,The Evolution of Wing Coloration in Lepidoptera,HORIZON-ERC,2026-10-01,2031-09-30,1491415,LEIBNIZ-INSTITUT ZUR ANALYSE DES BIODIVERSITATSWANDELS,DE,BONN,,https://ec.europa.eu/info/funding-tenders/opportunities/portal/screen/contact-form/project/984222238/101222637,1,RHEINISCHE FRIEDRICH-WILHELMS-UNIVERSITAT BONN (DE),culturomics,https://cordis.europa.eu/project/id/101222637
5,PI-HELD GRANT - cold outreach to coordinator,TARGET-AIR-LAB,Targeting airway lymphocytes in asthma and biologics treatment,HORIZON-ERC,2027-01-01,2031-12-31,1999008,KAROLINSKA INSTITUTET,SE,STOCKHOLM,http://www.ki.se,https://ec.europa.eu/info/funding-tenders/opportunities/portal/screen/contact-form/project/999978530/101229635,0,,trade,https://cordis.europa.eu/project/id/101229635
5,PI-HELD GRANT - cold outreach to coordinator,ER-CONNECT,ER-across the line:  the function of the ER  in plant intercellular communication,HORIZON-ERC,2027-01-01,2031-12-31,3405000,CENTRE NATIONAL DE LA RECHERCHE SCIENTIFIQUE CNRS,FR,Paris,http://www.cnrs.fr,https://ec.europa.eu/info/funding-tenders/opportunities/portal/screen/contact-form/project/999997930/101263758,0,,trade,https://cordis.europa.eu/project/id/101263758
